t,x,y,yaw
0.619000,0.082041,0.000001,-0.000000
0.636000,0.084767,0.000001,-0.000000
0.652000,0.087332,0.000001,-0.000000
0.665000,0.089415,0.000001,-0.000000
0.680000,0.091818,0.000001,-0.000000
0.694000,0.094061,0.000001,-0.000000
0.705000,0.095822,0.000001,-0.000000
0.720000,0.098224,0.000001,-0.000000
0.737000,0.100945,0.000001,-0.000000
0.753000,0.103506,0.000001,-0.000000
0.762000,0.104946,0.000001,-0.000000
0.778000,0.107505,0.000001,-0.000000
0.791000,0.109584,0.000001,-0.000000
0.804000,0.111663,0.000001,-0.000000
0.818000,0.113901,0.000001,-0.000000
0.834000,0.116458,0.000001,-0.000000
0.849000,0.118854,0.000001,-0.000000
0.865000,0.121410,0.000001,-0.000000
0.882000,0.124125,0.000001,-0.000000
0.899000,0.126838,0.000001,-0.000000
0.913000,0.129073,0.000001,-0.000000
0.930000,0.131785,0.000001,-0.000000
0.946000,0.134337,0.000001,-0.000001
0.963000,0.137048,0.000001,-0.000001
0.980000,0.139759,0.000001,-0.000001
0.994000,0.141990,0.000001,-0.000001
1.008000,0.144221,0.000001,-0.000001
1.026000,0.147088,0.000001,-0.000001
1.043000,0.149795,0.000001,-0.000001
1.056000,0.151865,0.000001,-0.000001
1.065000,0.153276,0.000001,-0.000001
1.081000,0.155777,0.000001,-0.000001
1.098000,0.158428,0.000001,-0.000001
1.115000,0.161072,0.000001,-0.000001
1.129000,0.163246,0.000001,-0.000001
1.146000,0.165880,0.000001,-0.000001
1.162000,0.168353,0.000001,-0.000001
1.176000,0.170513,0.000001,-0.000001
1.193000,0.173130,0.000001,-0.000001
1.210000,0.175742,0.000001,-0.000001
1.224000,0.177887,0.000001,-0.000001
1.240000,0.180452,0.000001,-0.000001
1.258000,0.183345,0.000001,-0.000001
1.274000,0.185916,0.000001,-0.000001
1.287000,0.188005,0.000001,-0.000001
1.303000,0.190574,0.000001,-0.000001
1.321000,0.193464,0.000001,-0.000001
1.337000,0.196032,0.000001,-0.000001
1.353000,0.198600,0.000001,-0.000001
1.371000,0.201488,0.000001,-0.000001
1.387000,0.204054,0.000001,-0.000001
1.397000,0.205657,0.000001,-0.000001
1.412000,0.208062,0.000001,-0.000001
1.428000,0.210626,0.000001,-0.000001
1.444000,0.213190,0.000001,-0.000001
1.458000,0.215432,0.000001,-0.000001
1.472000,0.217674,0.000001,-0.000001
1.488000,0.220236,0.000001,-0.000001
1.502000,0.222477,0.000001,-0.000001
1.519000,0.225197,0.000001,-0.000001
1.535000,0.227757,0.000001,-0.000001
1.549000,0.229996,0.000001,-0.000001
1.566000,0.232714,0.000001,-0.000001
1.582000,0.235272,0.000001,-0.000001
1.595000,0.237350,0.000001,-0.000001
1.609000,0.239587,0.000001,-0.000001
1.626000,0.242302,0.000001,-0.000001
1.641000,0.244698,0.000001,-0.000001
1.656000,0.247092,0.000001,-0.000001
1.673000,0.249806,0.000001,-0.000001
1.691000,0.252678,0.000001,-0.000001
1.706000,0.255071,0.000001,-0.000002
1.724000,0.257942,0.000001,-0.000002
1.741000,0.260652,0.000001,-0.000002
1.756000,0.263043,0.000001,-0.000002
1.771000,0.265433,0.000001,-0.000002
1.787000,0.267982,0.000001,-0.000002
1.799000,0.269893,0.000001,-0.000002
1.814000,0.272281,0.000001,-0.000002
1.829000,0.274657,0.000001,-0.000002
1.844000,0.277027,0.000001,-0.000002
1.861000,0.279706,0.000001,-0.000002
1.875000,0.281909,0.000001,-0.000002
1.886000,0.283636,0.000001,-0.000002
1.903000,0.286301,0.000001,-0.000002
1.920000,0.288960,0.000001,-0.000002
1.936000,0.291457,0.000001,-0.000002
1.951000,0.293793,0.000001,-0.000002
1.966000,0.296125,0.000001,-0.000002
1.982000,0.298612,0.000001,-0.000002
1.996000,0.300863,0.000001,-0.000002
2.013000,0.303595,0.000001,-0.000002
2.030000,0.306326,0.000001,-0.000002
2.047000,0.309057,0.000001,-0.000002
2.064000,0.311786,0.000001,-0.000002
2.080000,0.314355,0.000001,-0.000002
2.096000,0.316923,0.000001,-0.000002
2.112000,0.319490,0.000001,-0.000002
2.126000,0.321736,0.000001,-0.000002
2.143000,0.324462,0.000001,-0.000002
2.157000,0.326706,0.000001,-0.000002
2.175000,0.329591,0.000001,-0.000002
2.190000,0.331995,0.000001,-0.000002
2.207000,0.334718,0.000001,-0.000002
2.224000,0.337441,0.000001,-0.000002
2.239000,0.339842,0.000001,-0.000002
2.256000,0.342563,0.000001,-0.000002
2.272000,0.345124,0.000001,-0.000002
2.288000,0.347683,0.000001,-0.000002
2.302000,0.349922,0.000001,-0.000002
2.319000,0.352641,0.000001,-0.000002
2.334000,0.355038,0.000001,-0.000002
2.349000,0.357435,0.000001,-0.000002
2.362000,0.359513,0.000001,-0.000002
2.379000,0.362228,0.000001,-0.000002
2.395000,0.364783,0.000001,-0.000002
2.409000,0.367018,0.000001,-0.000002
2.423000,0.369253,0.000001,-0.000002
2.440000,0.371965,0.000001,-0.000003
2.456000,0.374518,0.000001,-0.000003
2.473000,0.377229,0.000001,-0.000003
2.486000,0.379302,0.000001,-0.000003
2.504000,0.382171,0.000001,-0.000003
2.519000,0.384561,0.000002,-0.000003
2.535000,0.387110,0.000002,-0.000003
2.547000,0.389021,0.000002,-0.000003
2.565000,0.391885,0.000002,-0.000003
2.582000,0.394577,0.000002,-0.000003
2.596000,0.396790,0.000002,-0.000003
2.609000,0.398840,0.000002,-0.000003
2.626000,0.401517,0.000002,-0.000003
2.642000,0.404030,0.000002,-0.000003
2.656000,0.406225,0.000002,-0.000003
2.669000,0.408260,0.000002,-0.000003
2.686000,0.410915,0.000002,-0.000003
2.701000,0.413253,0.000002,-0.000003
2.717000,0.415742,0.000002,-0.000003
2.730000,0.417799,0.000002,-0.000003
2.746000,0.420370,0.000002,-0.000003
2.764000,0.423263,0.000002,-0.000003
2.781000,0.425993,0.000002,-0.000003
2.795000,0.428242,0.000002,-0.000003
2.812000,0.430971,0.000002,-0.000003
2.828000,0.433539,0.000002,-0.000003
2.845000,0.436267,0.000002,-0.000003
2.857000,0.438192,0.000002,-0.000003
2.874000,0.440918,0.000002,-0.000003
2.890000,0.443484,0.000002,-0.000003
2.905000,0.445888,0.000002,-0.000003
2.919000,0.448132,0.000002,-0.000003
2.936000,0.450855,0.000002,-0.000003
2.952000,0.453418,0.000002,-0.000003
2.970000,0.456300,0.000002,-0.000003
2.982000,0.458221,0.000002,-0.000003
3.000000,0.461102,0.000002,-0.000003
3.015000,0.463502,0.000002,-0.000003
3.032000,0.466221,0.000002,-0.000003
3.048000,0.468780,0.000002,-0.000003
3.065000,0.471498,0.000002,-0.000003
3.081000,0.474055,0.000002,-0.000003
3.097000,0.476612,0.000002,-0.000003
3.109000,0.478529,0.000002,-0.000003
3.126000,0.481244,0.000002,-0.000003
3.142000,0.483798,0.000002,-0.000003
3.159000,0.486512,0.000002,-0.000003
3.172000,0.488586,0.000002,-0.000003
3.189000,0.491298,0.000002,-0.000004
3.205000,0.493850,0.000002,-0.000004
3.223000,0.496720,0.000002,-0.000004
3.235000,0.498633,0.000002,-0.000004
3.252000,0.501342,0.000002,-0.000004
3.268000,0.503891,0.000002,-0.000004
3.282000,0.506121,0.000002,-0.000004
3.298000,0.508666,0.000002,-0.000004
3.315000,0.511359,0.000002,-0.000004
3.331000,0.513888,0.000002,-0.000004
3.342000,0.515623,0.000002,-0.000004
3.359000,0.518300,0.000002,-0.000004
3.375000,0.520814,0.000002,-0.000004
3.391000,0.523323,0.000002,-0.000004
3.403000,0.525201,0.000002,-0.000004
3.420000,0.527856,0.000002,-0.000004
3.436000,0.530350,0.000002,-0.000004
3.451000,0.532683,0.000002,-0.000004
3.468000,0.535410,0.000002,-0.000004
3.485000,0.538141,0.000002,-0.000004
3.501000,0.540712,0.000002,-0.000004
3.514000,0.542799,0.000002,-0.000004
3.531000,0.545529,0.000002,-0.000004
3.548000,0.548258,0.000002,-0.000004
3.562000,0.550504,0.000002,-0.000004
3.579000,0.553231,0.000002,-0.000004
3.596000,0.555958,0.000002,-0.000004
3.614000,0.558844,0.000002,-0.000004
3.628000,0.561088,0.000002,-0.000004
3.644000,0.563652,0.000002,-0.000004
3.662000,0.566536,0.000002,-0.000004
3.677000,0.568939,0.000002,-0.000004
3.689000,0.570860,0.000002,-0.000004
3.706000,0.573582,0.000002,-0.000004
3.723000,0.576302,0.000002,-0.000004
3.738000,0.578702,0.000002,-0.000004
3.753000,0.581102,0.000002,-0.000004
3.771000,0.583980,0.000002,-0.000004
3.788000,0.586698,0.000002,-0.000004
3.799000,0.588456,0.000002,-0.000004
3.816000,0.591173,0.000002,-0.000004
3.831000,0.593569,0.000002,-0.000004
3.845000,0.595805,0.000002,-0.000004
3.859000,0.598041,0.000002,-0.000004
3.876000,0.600754,0.000002,-0.000004
3.893000,0.603467,0.000002,-0.000004
3.908000,0.605861,0.000002,-0.000004
3.922000,0.608094,0.000002,-0.000004
3.939000,0.610805,0.000002,-0.000004
3.953000,0.613036,0.000002,-0.000004
3.967000,0.615268,0.000002,-0.000004
3.983000,0.617817,0.000002,-0.000004
3.998000,0.620207,0.000002,-0.000004
4.013000,0.622595,0.000002,-0.000004
4.030000,0.625289,0.000002,-0.000004
4.048000,0.628135,0.000002,-0.000004
4.065000,0.630816,0.000002,-0.000004
4.081000,0.633335,0.000002,-0.000004
4.098000,0.636005,0.000002,-0.000004
4.116000,0.638825,0.000002,-0.000004
4.133000,0.641483,0.000002,-0.000004
4.149000,0.643979,0.000002,-0.000004
4.164000,0.646314,0.000002,-0.000004
4.181000,0.649030,0.000002,-0.000004
4.198000,0.651761,0.000002,-0.000005
4.212000,0.654010,0.000002,-0.000005
4.229000,0.656740,0.000002,-0.000005
4.246000,0.659470,0.000002,-0.000005
4.261000,0.661877,0.000002,-0.000005
4.279000,0.664765,0.000002,-0.000005
4.295000,0.667332,0.000002,-0.000005
4.311000,0.669898,0.000002,-0.000005
4.326000,0.672303,0.000002,-0.000005
4.342000,0.674867,0.000002,-0.000005
4.358000,0.677431,0.000002,-0.000005
4.370000,0.679354,0.000002,-0.000005
4.385000,0.681756,0.000002,-0.000005
4.401000,0.684318,0.000002,-0.000005
4.411000,0.685919,0.000002,-0.000005
4.427000,0.688480,0.000002,-0.000005
4.444000,0.691200,0.000002,-0.000005
4.458000,0.693440,0.000002,-0.000005
4.475000,0.696159,0.000002,-0.000005
4.489000,0.698397,0.000002,-0.000005
4.502000,0.700475,0.000002,-0.000005
4.520000,0.703352,0.000002,-0.000005
4.537000,0.706068,0.000002,-0.000005
4.551000,0.708304,0.000002,-0.000005
4.567000,0.710859,0.000002,-0.000005
4.583000,0.713413,0.000002,-0.000005
4.597000,0.715648,0.000002,-0.000005
4.613000,0.718201,0.000002,-0.000005
4.629000,0.720753,0.000002,-0.000005
4.642000,0.722826,0.000002,-0.000005
4.659000,0.725537,0.000002,-0.000005
4.676000,0.728246,0.000002,-0.000005
4.691000,0.730637,0.000002,-0.000005
4.705000,0.732867,0.000002,-0.000005
4.722000,0.735570,0.000002,-0.000005
4.739000,0.738263,0.000002,-0.000005
4.756000,0.740950,0.000002,-0.000005
4.769000,0.743000,0.000002,-0.000005
4.787000,0.745834,0.000002,-0.000005
4.802000,0.748190,0.000002,-0.000005
4.817000,0.750541,0.000002,-0.000005
4.833000,0.753044,0.000002,-0.000005
4.850000,0.755697,0.000002,-0.000005
4.869000,0.758661,0.000002,-0.000005
4.886000,0.761393,0.000002,-0.000005
4.902000,0.763963,0.000002,-0.000005
4.916000,0.766212,0.000002,-0.000005
4.929000,0.768299,0.000002,-0.000005
4.947000,0.771189,0.000002,-0.000005
4.964000,0.773917,0.000002,-0.000005
4.979000,0.776324,0.000002,-0.000005
4.993000,0.778570,0.000002,-0.000005
5.009000,0.781135,0.000002,-0.000005
5.024000,0.783540,0.000002,-0.000005
5.041000,0.786265,0.000002,-0.000005
5.057000,0.788829,0.000002,-0.000005
5.074000,0.791552,0.000002,-0.000005
5.089000,0.793954,0.000002,-0.000005
5.104000,0.796356,0.000002,-0.000005
5.117000,0.798437,0.000002,-0.000005
5.134000,0.801157,0.000002,-0.000005
5.151000,0.803877,0.000002,-0.000005
5.166000,0.806276,0.000002,-0.000005
5.178000,0.808195,0.000002,-0.000005
5.195000,0.810913,0.000002,-0.000005
5.211000,0.813470,0.000002,-0.000005
5.228000,0.816186,0.000002,-0.000005
5.244000,0.818742,0.000002,-0.000005
5.261000,0.821457,0.000002,-0.000005
5.278000,0.824171,0.000002,-0.000005
5.293000,0.826565,0.000002,-0.000005
5.306000,0.828639,0.000002,-0.000005
5.323000,0.831351,0.000002,-0.000005
5.340000,0.834062,0.000002,-0.000005
5.357000,0.836772,0.000002,-0.000005
5.369000,0.838685,0.000002,-0.000005
5.386000,0.841394,0.000002,-0.000005
5.401000,0.843784,0.000002,-0.000005
5.415000,0.846009,0.000002,-0.000005
5.431000,0.848543,0.000002,-0.000005
5.444000,0.850599,0.000002,-0.000005
5.459000,0.852966,0.000002,-0.000005
5.475000,0.855486,0.000002,-0.000005
5.490000,0.857843,0.000002,-0.000005
5.507000,0.860509,0.000002,-0.000005
5.524000,0.863169,0.000002,-0.000005
5.537000,0.865200,0.000002,-0.000005
5.550000,0.867226,0.000002,-0.000006
5.567000,0.869918,0.000002,-0.000006
5.584000,0.872649,0.000002,-0.000006
5.601000,0.875380,0.000002,-0.000006
5.618000,0.878110,0.000002,-0.000006
5.636000,0.880999,0.000002,-0.000006
5.652000,0.883567,0.000002,-0.000006
5.665000,0.885653,0.000002,-0.000006
5.678000,0.887738,0.000002,-0.000006
5.694000,0.890304,0.000002,-0.000006
5.709000,0.892709,0.000002,-0.000006
5.724000,0.895113,0.000002,-0.000006
5.741000,0.897837,0.000002,-0.000006
5.755000,0.900080,0.000002,-0.000006
5.771000,0.902643,0.000002,-0.000006
5.787000,0.905205,0.000002,-0.000006
5.802000,0.907606,0.000002,-0.000006
5.818000,0.910166,0.000002,-0.000006
5.835000,0.912886,0.000002,-0.000006
5.851000,0.915445,0.000002,-0.000006
5.868000,0.918164,0.000002,-0.000006
5.885000,0.920881,0.000002,-0.000006
5.902000,0.923598,0.000002,-0.000006
5.920000,0.926474,0.000002,-0.000006
5.936000,0.929030,0.000002,-0.000006
5.953000,0.931744,0.000002,-0.000006
5.969000,0.934298,0.000002,-0.000006
5.985000,0.936852,0.000002,-0.000006
5.997000,0.938766,0.000002,-0.000006
6.009000,0.940680,0.000002,-0.000006
6.025000,0.943232,0.000002,-0.000006
6.042000,0.945943,0.000002,-0.000006
6.057000,0.948334,0.000002,-0.000006
6.071000,0.950565,0.000002,-0.000006
6.088000,0.953273,0.000002,-0.000006
6.104000,0.955813,0.000002,-0.000006
6.121000,0.958504,0.000002,-0.000006
6.139000,0.961347,0.000002,-0.000006
6.152000,0.963396,0.000002,-0.000006
6.169000,0.966070,0.000002,-0.000006
6.186000,0.968738,0.000002,-0.000006
6.202000,0.971244,0.000002,-0.000006
6.215000,0.973276,0.000002,-0.000006
6.232000,0.975928,0.000002,-0.000006
6.249000,0.978620,0.000002,-0.000006
6.266000,0.981351,0.000002,-0.000006
6.281000,0.983760,0.000002,-0.000006
6.293000,0.985687,0.000002,-0.000006
6.311000,0.988577,0.000002,-0.000006
6.327000,0.991145,0.000002,-0.000006
6.342000,0.993552,0.000002,-0.000006
6.359000,0.996278,0.000002,-0.000006
6.377000,0.999165,0.000002,-0.000006
6.392000,1.001570,0.000002,-0.000006
6.409000,1.004294,0.000002,-0.000006
6.423000,1.006537,0.000002,-0.000006
6.440000,1.009261,0.000002,-0.000006
6.454000,1.011503,0.000002,-0.000006
6.472000,1.014385,0.000002,-0.000006
6.486000,1.016625,0.000002,-0.000006
6.501000,1.019026,0.000002,-0.000006
6.518000,1.021745,0.000002,-0.000006
6.536000,1.024624,0.000002,-0.000006
6.551000,1.027023,0.000002,-0.000006
6.567000,1.029580,0.000002,-0.000006
6.583000,1.032137,0.000002,-0.000006
6.598000,1.034533,0.000002,-0.000006
6.611000,1.036610,0.000002,-0.000006
6.628000,1.039324,0.000002,-0.000006
6.644000,1.041879,0.000002,-0.000006
6.660000,1.044432,0.000002,-0.000006
6.674000,1.046666,0.000002,-0.000006
6.691000,1.049378,0.000002,-0.000006
6.708000,1.052089,0.000002,-0.000006
6.723000,1.054480,0.000002,-0.000006
6.737000,1.056712,0.000002,-0.000006
6.754000,1.059420,0.000002,-0.000006
6.770000,1.061966,0.000002,-0.000006
6.785000,1.064343,0.000002,-0.000006
6.799000,1.066558,0.000002,-0.000006
6.812000,1.068611,0.000002,-0.000006
6.826000,1.070818,0.000002,-0.000006
6.839000,1.072863,0.000002,-0.000006
6.856000,1.075533,0.000002,-0.000006
6.873000,1.078197,0.000002,-0.000006
6.890000,1.080854,0.000002,-0.000006
6.904000,1.083038,0.000002,-0.000006
6.921000,1.085741,0.000002,-0.000006
6.936000,1.088150,0.000002,-0.000006
6.951000,1.090559,0.000002,-0.000006
6.965000,1.092807,0.000002,-0.000006
6.982000,1.095536,0.000002,-0.000006
6.997000,1.097943,0.000002,-0.000006
7.012000,1.100349,0.000002,-0.000006
7.029000,1.103076,0.000002,-0.000006
7.044000,1.105481,0.000002,-0.000006
7.061000,1.108206,0.000002,-0.000006
7.078000,1.110931,0.000002,-0.000006
7.092000,1.113174,0.000002,-0.000006
7.103000,1.114936,0.000002,-0.000006
7.120000,1.117658,0.000002,-0.000006
7.136000,1.120220,0.000002,-0.000006
7.150000,1.122461,0.000002,-0.000006
7.162000,1.124381,0.000002,-0.000006
7.180000,1.127261,0.000002,-0.000006
7.197000,1.129980,0.000002,-0.000006
7.212000,1.132378,0.000002,-0.000006
7.228000,1.134936,0.000002,-0.000006
7.244000,1.137493,0.000002,-0.000006
7.261000,1.140209,0.000002,-0.000006
7.279000,1.143084,0.000002,-0.000006
7.294000,1.145479,0.000002,-0.000006
7.305000,1.147235,0.000002,-0.000006
7.322000,1.149948,0.000002,-0.000006
7.339000,1.152661,0.000002,-0.000006
7.353000,1.154894,0.000002,-0.000006
7.366000,1.156967,0.000002,-0.000006
7.383000,1.159678,0.000002,-0.000006
7.400000,1.162388,0.000002,-0.000006
7.417000,1.165097,0.000002,-0.000006
7.432000,1.167481,0.000002,-0.000006
7.448000,1.170016,0.000002,-0.000006
7.465000,1.172704,0.000002,-0.000006
7.482000,1.175385,0.000002,-0.000006
7.498000,1.177904,0.000002,-0.000006
7.511000,1.179946,0.000002,-0.000006
7.528000,1.182611,0.000002,-0.000006
7.545000,1.185271,0.000002,-0.000006
7.560000,1.187612,0.000002,-0.000006
7.575000,1.189993,0.000002,-0.000006
7.592000,1.192724,0.000002,-0.000006
7.609000,1.195454,0.000002,-0.000006
7.626000,1.198183,0.000002,-0.000006
7.643000,1.200911,0.000002,-0.000006
7.657000,1.203157,0.000002,-0.000006
7.673000,1.205724,0.000002,-0.000006
7.691000,1.208610,0.000002,-0.000006
7.707000,1.211175,0.000002,-0.000006
7.721000,1.213419,0.000002,-0.000006
7.738000,1.216143,0.000002,-0.000006
7.755000,1.218866,0.000002,-0.000006
7.771000,1.221429,0.000002,-0.000006
7.784000,1.223510,0.000002,-0.000006
7.798000,1.225751,0.000002,-0.000006
7.814000,1.228312,0.000002,-0.000006
7.828000,1.230551,0.000002,-0.000006
7.844000,1.233111,0.000002,-0.000006
7.858000,1.235349,0.000002,-0.000006
7.875000,1.238067,0.000002,-0.000006
7.892000,1.240784,0.000002,-0.000006
7.909000,1.243500,0.000002,-0.000006
7.924000,1.245896,0.000002,-0.000006
7.940000,1.248451,0.000002,-0.000006
7.957000,1.251165,0.000002,-0.000006
7.972000,1.253559,0.000002,-0.000006
7.983000,1.255314,0.000002,-0.000006
8.000000,1.258026,0.000002,-0.000006
8.017000,1.260738,0.000002,-0.000006
8.031000,1.262970,0.000002,-0.000006
8.045000,1.265202,0.000002,-0.000006
8.061000,1.267751,0.000002,-0.000006
8.079000,1.270612,0.000002,-0.000006
8.095000,1.273147,0.000002,-0.000006
8.108000,1.275203,0.000002,-0.000006
8.124000,1.277728,0.000002,-0.000006
8.141000,1.280405,0.000002,-0.000006
8.156000,1.282762,0.000002,-0.000006
8.169000,1.284801,0.000002,-0.000006
8.184000,1.287150,0.000002,-0.000006
8.201000,1.289805,0.000002,-0.000006
8.215000,1.292017,0.000002,-0.000006
8.227000,1.293945,0.000002,-0.000006
8.244000,1.296675,0.000002,-0.000006
8.261000,1.299404,0.000002,-0.000006
8.278000,1.302133,0.000002,-0.000006
8.294000,1.304700,0.000002,-0.000006
8.311000,1.307427,0.000002,-0.000006
8.327000,1.309993,0.000002,-0.000006
8.340000,1.312078,0.000002,-0.000006
8.358000,1.314963,0.000002,-0.000006
8.376000,1.317847,0.000002,-0.000006
8.390000,1.320090,0.000002,-0.000006
8.402000,1.322012,0.000002,-0.000006
8.419000,1.324734,0.000002,-0.000006
8.437000,1.327616,0.000002,-0.000006
8.450000,1.329696,0.000002,-0.000006
8.462000,1.331616,0.000002,-0.000006
8.479000,1.334336,0.000002,-0.000006
8.496000,1.337054,0.000002,-0.000006
8.512000,1.339612,0.000002,-0.000006
8.526000,1.341850,0.000002,-0.000006
8.541000,1.344247,0.000002,-0.000006
8.558000,1.346963,0.000002,-0.000006
8.574000,1.349518,0.000002,-0.000006
8.588000,1.351754,0.000002,-0.000006
8.604000,1.354308,0.000002,-0.000006
8.621000,1.357021,0.000002,-0.000006
8.637000,1.359573,0.000002,-0.000006
8.649000,1.361487,0.000002,-0.000006
8.665000,1.364039,0.000002,-0.000006
8.681000,1.366590,0.000002,-0.000006
8.698000,1.369299,0.000002,-0.000006
8.713000,1.371686,0.000002,-0.000006
8.726000,1.373748,0.000002,-0.000006
8.743000,1.376439,0.000002,-0.000006
8.760000,1.379124,0.000002,-0.000006
8.773000,1.381173,0.000002,-0.000006
8.790000,1.383847,0.000002,-0.000006
8.806000,1.386359,0.000002,-0.000006
8.821000,1.388708,0.000002,-0.000006
8.839000,1.391522,0.000002,-0.000006
8.857000,1.394376,0.000002,-0.000006
8.874000,1.397107,0.000002,-0.000006
8.886000,1.399033,0.000002,-0.000006
8.903000,1.401762,0.000002,-0.000006
8.921000,1.404651,0.000002,-0.000006
8.935000,1.406897,0.000002,-0.000006
8.946000,1.408661,0.000002,-0.000006
8.962000,1.411227,0.000002,-0.000006
8.979000,1.413953,0.000002,-0.000006
8.993000,1.416197,0.000002,-0.000006
9.003000,1.417799,0.000002,-0.000006
9.021000,1.420683,0.000002,-0.000006
9.038000,1.423406,0.000002,-0.000006
9.054000,1.425968,0.000002,-0.000006
9.068000,1.428209,0.000002,-0.000006
9.084000,1.430769,0.000002,-0.000006
9.101000,1.433489,0.000002,-0.000006
9.117000,1.436048,0.000002,-0.000006
9.132000,1.438447,0.000002,-0.000006
9.149000,1.441165,0.000002,-0.000006
9.166000,1.443882,0.000002,-0.000006
9.182000,1.446438,0.000002,-0.000006
9.197000,1.448834,0.000002,-0.000006
9.214000,1.451549,0.000002,-0.000006
9.229000,1.453944,0.000002,-0.000006
9.243000,1.456178,0.000002,-0.000006
9.259000,1.458731,0.000002,-0.000006
9.275000,1.461284,0.000002,-0.000006
9.292000,1.463995,0.000002,-0.000006
9.309000,1.466705,0.000002,-0.000006
9.324000,1.469096,0.000002,-0.000006
9.336000,1.471008,0.000002,-0.000006
9.353000,1.473705,0.000002,-0.000006
9.370000,1.476396,0.000002,-0.000006
9.385000,1.478766,0.000002,-0.000006
9.400000,1.481130,0.000002,-0.000006
9.417000,1.483805,0.000002,-0.000006
9.433000,1.486316,0.000002,-0.000006
9.449000,1.488823,0.000002,-0.000006
9.464000,1.491168,0.000002,-0.000006
9.480000,1.493701,0.000003,-0.000006
9.497000,1.496432,0.000003,-0.000006
9.512000,1.498840,0.000003,-0.000006
9.528000,1.501408,0.000003,-0.000006
9.541000,1.503495,0.000003,-0.000006
9.558000,1.506222,0.000003,-0.000006
9.575000,1.508949,0.000003,-0.000006
9.592000,1.511675,0.000003,-0.000006
9.609000,1.514400,0.000003,-0.000006
9.626000,1.517124,0.000003,-0.000006
9.643000,1.519848,0.000003,-0.000006
9.660000,1.522571,0.000003,-0.000006
9.676000,1.525133,0.000002,-0.000006
9.690000,1.527374,0.000002,-0.000006
9.707000,1.530094,0.000002,-0.000006
9.724000,1.532814,0.000002,-0.000006
9.740000,1.535374,0.000002,-0.000006
9.755000,1.537772,0.000002,-0.000006
9.773000,1.540650,0.000002,-0.000006
9.790000,1.543367,0.000002,-0.000006
9.807000,1.546083,0.000002,-0.000006
9.821000,1.548319,0.000002,-0.000006
9.830000,1.549756,0.000002,-0.000006
9.847000,1.552471,0.000002,-0.000006
9.863000,1.555025,0.000002,-0.000006
9.880000,1.557737,0.000002,-0.000006
9.896000,1.560290,0.000002,-0.000006
9.909000,1.562363,0.000002,-0.000006
9.926000,1.565074,0.000002,-0.000006
9.943000,1.567784,0.000002,-0.000006
9.960000,1.570491,0.000002,-0.000006
9.975000,1.572871,0.000002,-0.000006
9.991000,1.575404,0.000002,-0.000006
10.005000,1.577616,0.000002,-0.000006
10.023000,1.580454,0.000002,-0.000006
10.039000,1.582971,0.000002,-0.000006
10.052000,1.585012,0.000003,-0.000006
10.069000,1.587676,0.000003,-0.000006
10.086000,1.590333,0.000003,-0.000006
10.102000,1.592881,0.000003,-0.000006
10.117000,1.595290,0.000003,-0.000006
10.135000,1.598179,0.000003,-0.000006
10.152000,1.600908,0.000003,-0.000006
10.169000,1.603635,0.000003,-0.000006
10.186000,1.606362,0.000003,-0.000006
10.201000,1.608768,0.000003,-0.000006
10.218000,1.611493,0.000003,-0.000006
10.236000,1.614378,0.000003,-0.000006
10.252000,1.616942,0.000003,-0.000006
10.266000,1.619184,0.000003,-0.000006
10.284000,1.622067,0.000003,-0.000006
10.300000,1.624628,0.000003,-0.000006
10.315000,1.627029,0.000003,-0.000006
10.327000,1.628949,0.000003,-0.000006
10.344000,1.631669,0.000003,-0.000006
10.361000,1.634388,0.000002,-0.000007
10.377000,1.636946,0.000002,-0.000007
10.391000,1.639184,0.000002,-0.000007
10.408000,1.641901,0.000002,-0.000007
10.424000,1.644457,0.000002,-0.000007
10.441000,1.647172,0.000002,-0.000007
10.456000,1.649567,0.000002,-0.000007
10.473000,1.652281,0.000002,-0.000007
10.491000,1.655049,0.000003,0.000135
10.507000,1.657367,0.000003,0.000567
10.520000,1.659220,0.000005,0.001126
10.536000,1.661515,0.000009,0.002062
10.553000,1.663971,0.000016,0.003358
10.570000,1.666447,0.000029,0.004957
10.582000,1.668208,0.000047,0.006154
10.599000,1.670697,0.000073,0.007850
10.612000,1.672596,0.000093,0.009147
10.628000,1.674929,0.000117,0.010743
10.645000,1.677401,0.000143,0.012439
10.662000,1.679868,0.000169,0.014135
10.677000,1.682039,0.000191,0.015632
10.692000,1.684206,0.000214,0.017128
10.707000,1.686321,0.000244,0.018674
10.720000,1.688052,0.000278,0.020209
10.737000,1.690330,0.000327,0.022499
10.752000,1.692355,0.000375,0.024786
10.769000,1.694667,0.000436,0.027679
10.786000,1.696998,0.000505,0.030894
10.801000,1.699069,0.000572,0.033999
10.814000,1.700875,0.000637,0.036894
10.830000,1.703113,0.000724,0.040717
10.847000,1.705510,0.000827,0.045095
10.863000,1.707783,0.000935,0.049513
10.877000,1.709786,0.001038,0.053617
10.894000,1.712236,0.001177,0.058900
10.911000,1.714664,0.001327,0.064517
10.926000,1.716816,0.001472,0.069749
10.943000,1.719273,0.001651,0.075991
10.961000,1.721897,0.001860,0.082963
10.978000,1.724396,0.002077,0.089891
10.994000,1.726766,0.002299,0.096719
11.008000,1.728855,0.002509,0.102938
11.024000,1.731259,0.002767,0.110327
11.041000,1.733833,0.003063,0.118506
11.059000,1.736580,0.003403,0.127538
11.075000,1.739037,0.003730,0.135822
11.093000,1.741798,0.004121,0.145158
11.110000,1.744402,0.004515,0.153971
11.127000,1.747001,0.004931,0.162781
11.144000,1.749595,0.005371,0.171588
11.156000,1.751424,0.005694,0.177801
11.173000,1.753986,0.006175,0.186695
11.190000,1.756526,0.006663,0.195620
11.207000,1.759059,0.007150,0.204546
11.224000,1.761584,0.007635,0.213472
11.237000,1.763509,0.008005,0.220298
11.254000,1.766020,0.008487,0.229224
11.271000,1.768523,0.008967,0.238149
11.288000,1.771019,0.009445,0.247075
11.304000,1.773404,0.010003,0.255470
11.322000,1.776117,0.010727,0.264914
11.338000,1.778519,0.011391,0.273310
11.355000,1.781065,0.012118,0.282249
11.372000,1.783603,0.012868,0.291212
11.385000,1.785539,0.013456,0.298064
11.402000,1.788064,0.014245,0.307022
11.418000,1.790433,0.015008,0.315450
11.432000,1.792500,0.015692,0.322822
11.447000,1.794709,0.016441,0.330718
11.464000,1.797204,0.017311,0.339665
11.481000,1.799693,0.018204,0.348516
11.496000,1.801881,0.019009,0.356295
11.513000,1.804353,0.019942,0.365109
11.528000,1.806526,0.020782,0.372884
11.544000,1.808836,0.021698,0.381175
11.561000,1.811282,0.022691,0.389981
11.578000,1.813717,0.023705,0.398784
11.593000,1.815859,0.024618,0.406549
11.605000,1.817566,0.025360,0.412759
11.622000,1.819977,0.026429,0.421555
11.639000,1.822377,0.027519,0.430347
11.656000,1.824766,0.028629,0.439135
11.672000,1.827006,0.029694,0.447404
11.685000,1.828819,0.030572,0.454120
11.703000,1.831318,0.031808,0.463416
11.720000,1.833667,0.032996,0.472193
11.737000,1.836004,0.034205,0.480965
11.752000,1.838058,0.035248,0.488706
11.769000,1.840378,0.036379,0.497483
11.787000,1.842826,0.037572,0.506776
11.803000,1.844996,0.038630,0.515037
11.820000,1.847295,0.039749,0.523814
11.836000,1.849453,0.040799,0.532075
11.847000,1.850932,0.041519,0.537754
11.864000,1.853214,0.042628,0.546531
11.879000,1.855228,0.043778,0.554268
11.897000,1.857587,0.045254,0.563540
11.912000,1.859564,0.046518,0.571265
11.926000,1.861418,0.047720,0.578472
11.943000,1.863617,0.049170,0.587216
11.958000,1.865559,0.050476,0.594930
11.975000,1.867763,0.051981,0.603667
11.992000,1.869923,0.053486,0.612396
12.001000,1.871082,0.054305,0.617016
12.019000,1.873355,0.055934,0.626243
12.034000,1.875241,0.057311,0.633920
12.051000,1.877372,0.058893,0.642431
12.067000,1.879361,0.060394,0.650211
12.080000,1.880967,0.061624,0.656530
12.097000,1.883056,0.063248,0.664791
12.113000,1.885008,0.064792,0.672563
12.128000,1.886828,0.066252,0.679847
12.143000,1.888636,0.067726,0.687129
12.160000,1.890672,0.069411,0.695379
12.177000,1.892711,0.071128,0.703445
12.192000,1.894488,0.072646,0.710267
12.207000,1.896252,0.074175,0.717061
12.220000,1.897772,0.075509,0.722948
12.237000,1.899747,0.077267,0.730644
12.254000,1.901708,0.079039,0.738337
12.271000,1.903655,0.080827,0.746028
12.287000,1.905474,0.082522,0.753264
12.298000,1.906727,0.083665,0.758240
12.315000,1.908677,0.085376,0.765935
12.332000,1.910621,0.087082,0.773630
12.349000,1.912559,0.088782,0.781324
12.363000,1.914151,0.090178,0.787661
12.374000,1.915400,0.091273,0.792640
12.391000,1.917325,0.092960,0.800335
12.406000,1.919020,0.094444,0.807124
12.423000,1.920866,0.096330,0.814812
12.440000,1.922682,0.098274,0.822500
12.457000,1.924484,0.100231,0.830190
12.474000,1.926268,0.102200,0.837879
12.490000,1.927934,0.104065,0.845116
12.505000,1.929483,0.105824,0.851887
12.522000,1.931223,0.107830,0.859538
12.537000,1.932762,0.109629,0.866185
12.554000,1.934484,0.111670,0.873321
12.569000,1.935985,0.113473,0.879486
12.584000,1.937475,0.115286,0.885650
12.597000,1.938757,0.116863,0.890991
12.612000,1.940225,0.118692,0.897152
12.629000,1.941874,0.120774,0.904133
12.646000,1.943509,0.122868,0.911111
12.663000,1.945128,0.124972,0.918088
12.675000,1.946262,0.126464,0.923012
12.692000,1.947856,0.128586,0.929985
12.709000,1.949434,0.130719,0.936956
12.726000,1.950997,0.132862,0.943924
12.740000,1.952272,0.134635,0.949661
12.750000,1.953177,0.135906,0.953758
12.767000,1.954702,0.138073,0.960721
12.784000,1.956212,0.140251,0.967682
12.801000,1.957706,0.142439,0.974641
12.815000,1.958944,0.144217,0.980373
12.830000,1.960288,0.146086,0.986517
12.848000,1.961896,0.148323,0.993890
12.865000,1.963411,0.150430,1.000854
12.882000,1.964922,0.152530,1.007817
12.896000,1.966163,0.154255,1.013552
12.908000,1.967226,0.155731,1.018468
12.925000,1.968692,0.157916,1.025425
12.940000,1.969890,0.159905,1.031547
12.958000,1.971343,0.162358,1.038882
12.973000,1.972524,0.164379,1.044981
12.990000,1.973864,0.166709,1.051883
13.007000,1.975174,0.169024,1.058763
13.025000,1.976560,0.171513,1.065884
13.042000,1.977848,0.173862,1.072189
13.054000,1.978745,0.175518,1.076528
13.071000,1.980002,0.177870,1.082674
13.087000,1.981172,0.180090,1.088457
13.105000,1.982472,0.182595,1.094961
13.121000,1.983614,0.184827,1.100741
13.132000,1.984392,0.186366,1.104713
13.150000,1.985650,0.188890,1.111212
13.167000,1.986823,0.191280,1.117349
13.184000,1.987981,0.193677,1.123483
13.200000,1.989057,0.195938,1.129255
13.211000,1.989790,0.197496,1.133222
13.229000,1.990974,0.200052,1.139712
13.246000,1.992077,0.202471,1.145839
13.262000,1.993117,0.204788,1.151433
13.278000,1.994136,0.207092,1.156669
13.291000,1.994951,0.208959,1.160784
13.308000,1.996045,0.211366,1.166169
13.325000,1.997157,0.213748,1.171556
13.342000,1.998266,0.216124,1.176943
13.357000,1.999243,0.218215,1.181697
13.369000,2.000023,0.219884,1.185500
13.386000,2.001125,0.222244,1.190887
13.402000,2.002154,0.224468,1.195957
13.418000,2.003071,0.226817,1.201021
13.435000,2.004031,0.229319,1.206406
13.448000,2.004757,0.231234,1.210522
13.465000,2.005693,0.233742,1.215907
13.482000,2.006616,0.236255,1.221286
13.497000,2.007418,0.238475,1.226029
13.516000,2.008420,0.241293,1.232036
13.533000,2.009301,0.243818,1.237409
13.550000,2.010169,0.246347,1.242780
13.567000,2.011022,0.248879,1.248150
13.582000,2.011764,0.251117,1.252887
13.594000,2.012359,0.252934,1.256599
13.611000,2.013186,0.255502,1.261526
13.628000,2.013994,0.258055,1.266170
13.645000,2.014790,0.260610,1.270800
13.659000,2.015437,0.262716,1.274612
13.674000,2.016120,0.264974,1.278695
13.691000,2.016884,0.267537,1.283322
13.708000,2.017635,0.270102,1.287949
13.725000,2.018374,0.272670,1.292573
13.740000,2.019016,0.274938,1.296653
13.753000,2.019565,0.276906,1.300188
13.770000,2.020303,0.279460,1.304813
13.779000,2.020703,0.280802,1.307263
13.795000,2.021412,0.283184,1.311618
13.807000,2.021944,0.284967,1.314884
13.824000,2.022695,0.287488,1.319512
13.840000,2.023401,0.289855,1.323867
13.856000,2.024105,0.292215,1.328222
13.873000,2.024768,0.294800,1.332846
13.890000,2.025395,0.297412,1.337471
13.906000,2.025973,0.299872,1.341824
13.922000,2.026540,0.302333,1.346175
13.940000,2.027173,0.305135,1.350949
13.954000,2.027655,0.307312,1.354382
13.969000,2.028160,0.309630,1.357846
13.986000,2.028722,0.312258,1.361753
14.003000,2.029274,0.314888,1.365660
14.013000,2.029594,0.316435,1.367958
14.030000,2.030130,0.319067,1.371864
14.047000,2.030655,0.321700,1.375769
14.063000,2.031139,0.324179,1.379443
14.076000,2.031526,0.326194,1.382429
14.092000,2.031994,0.328676,1.386102
14.107000,2.032424,0.331003,1.389545
14.121000,2.032818,0.333175,1.392759
14.139000,2.033315,0.335970,1.396889
14.156000,2.033772,0.338610,1.400789
14.169000,2.034116,0.340630,1.403771
14.182000,2.034453,0.342651,1.406752
14.198000,2.034859,0.345138,1.410421
14.215000,2.035294,0.347775,1.414319
14.231000,2.035728,0.350239,1.417991
14.245000,2.036107,0.352390,1.421204
14.263000,2.036594,0.355150,1.425335
14.277000,2.036972,0.357291,1.428548
14.288000,2.037268,0.358970,1.431072
14.305000,2.037726,0.361560,1.434974
14.322000,2.038099,0.364229,1.438792
14.339000,2.038451,0.366924,1.442278
14.354000,2.038752,0.369286,1.445120
14.372000,2.039105,0.372119,1.448509
14.389000,2.039429,0.374795,1.451710
14.405000,2.039726,0.377314,1.454721
14.415000,2.039908,0.378888,1.456604
14.432000,2.040210,0.381565,1.459803
14.449000,2.040504,0.384242,1.463002
14.464000,2.040756,0.386604,1.465824
14.479000,2.041001,0.388966,1.468646
14.495000,2.041255,0.391486,1.471655
14.512000,2.041516,0.394163,1.474852
14.528000,2.041755,0.396683,1.477861
14.543000,2.041971,0.399045,1.480681
14.560000,2.042208,0.401723,1.483876
14.576000,2.042424,0.404243,1.486883
14.592000,2.042634,0.406791,1.489765
14.606000,2.042811,0.409010,1.492055
14.623000,2.043019,0.411693,1.494647
14.639000,2.043208,0.414217,1.497077
14.655000,2.043413,0.416733,1.499508
14.672000,2.043649,0.419393,1.502094
14.684000,2.043815,0.421267,1.503919
14.701000,2.044050,0.423917,1.506504
14.718000,2.044284,0.426561,1.509090
14.734000,2.044505,0.429044,1.511523
14.746000,2.044642,0.430926,1.513346
14.763000,2.044794,0.433625,1.515929
14.782000,2.044954,0.436642,1.518821
14.797000,2.045075,0.439023,1.521105
14.809000,2.045168,0.440927,1.522932
14.826000,2.045293,0.443625,1.525519
14.842000,2.045405,0.446164,1.527954
14.858000,2.045510,0.448702,1.530389
14.873000,2.045603,0.451081,1.532671
14.891000,2.045708,0.453936,1.535410
14.908000,2.045801,0.456660,1.537841
14.924000,2.045882,0.459207,1.539844
14.938000,2.045948,0.461429,1.541521
14.954000,2.046020,0.463969,1.543438
14.971000,2.046091,0.466668,1.545474
14.987000,2.046152,0.469206,1.547390
15.003000,2.046209,0.471745,1.549305
15.019000,2.046261,0.474282,1.551221
15.036000,2.046311,0.476978,1.553256
15.050000,2.046347,0.479197,1.554932
15.063000,2.046378,0.481258,1.556487
15.078000,2.046428,0.483628,1.558284
15.096000,2.046496,0.486463,1.560441
15.110000,2.046549,0.488663,1.562119
15.124000,2.046601,0.490859,1.563797
15.141000,2.046665,0.493520,1.565834
15.160000,2.046730,0.496494,1.568111
15.176000,2.046734,0.499043,1.570030
15.190000,2.046733,0.501273,1.571710
15.205000,2.046729,0.503662,1.573510
15.222000,2.046718,0.506390,1.575433
15.237000,2.046705,0.508787,1.576879
15.251000,2.046690,0.511018,1.578158
15.267000,2.046669,0.513567,1.579620
15.281000,2.046648,0.515797,1.580899
15.295000,2.046624,0.518027,1.582178
15.311000,2.046593,0.520574,1.583640
15.328000,2.046556,0.523280,1.585193
15.342000,2.046522,0.525507,1.586471
15.356000,2.046485,0.527734,1.587750
15.373000,2.046437,0.530438,1.589303
15.390000,2.046385,0.533141,1.590855
15.406000,2.046332,0.535683,1.592316
15.417000,2.046293,0.537431,1.593320
15.434000,2.046230,0.540132,1.594872
15.450000,2.046167,0.542672,1.596333
15.468000,2.046091,0.545530,1.597976
15.484000,2.046029,0.548066,1.599437
15.500000,2.045976,0.550593,1.600899
15.516000,2.045924,0.553116,1.602361
15.527000,2.045889,0.554846,1.603367
15.545000,2.045830,0.557673,1.605011
15.562000,2.045776,0.560337,1.606565
15.577000,2.045696,0.562720,1.607924
15.589000,2.045623,0.564644,1.608941
15.607000,2.045511,0.567522,1.610192
15.623000,2.045409,0.570075,1.611242
15.638000,2.045311,0.572468,1.612226
15.652000,2.045217,0.574700,1.613144
15.669000,2.045100,0.577410,1.614259
15.685000,2.044988,0.579960,1.615308
15.702000,2.044866,0.582668,1.616423
15.719000,2.044740,0.585376,1.617538
15.735000,2.044620,0.587923,1.618587
15.752000,2.044489,0.590629,1.619702
15.769000,2.044355,0.593334,1.620817
15.786000,2.044218,0.596037,1.621931
15.798000,2.044119,0.597945,1.622718
15.812000,2.044002,0.600171,1.623636
15.830000,2.043849,0.603031,1.624816
15.844000,2.043727,0.605268,1.625643
15.855000,2.043630,0.607018,1.626154
15.872000,2.043481,0.609720,1.626914
15.888000,2.043356,0.612254,1.627630
15.905000,2.043223,0.614941,1.628391
15.919000,2.043114,0.617149,1.629018
15.935000,2.042989,0.619668,1.629734
15.952000,2.042858,0.622338,1.630495
15.969000,2.042698,0.625047,1.631254
15.985000,2.042542,0.627601,1.631972
16.002000,2.042375,0.630314,1.632735
16.018000,2.042215,0.632866,1.633453
16.034000,2.042054,0.635418,1.634170
16.051000,2.041881,0.638128,1.634933
16.063000,2.041758,0.640041,1.635471
16.080000,2.041581,0.642749,1.636234
16.099000,2.041381,0.645776,1.637086
16.113000,2.041232,0.648005,1.637714
16.125000,2.041104,0.649915,1.638252
16.143000,2.040909,0.652780,1.639059
16.160000,2.040722,0.655495,1.639682
16.177000,2.040535,0.658201,1.640149
16.192000,2.040368,0.660588,1.640560
16.209000,2.040179,0.663293,1.641026
16.226000,2.039988,0.665996,1.641491
16.243000,2.039796,0.668699,1.641957
16.258000,2.039632,0.671078,1.642369
16.270000,2.039503,0.672978,1.642698
16.287000,2.039321,0.675663,1.643165
16.303000,2.039150,0.678186,1.643604
16.320000,2.038968,0.680860,1.644071
16.336000,2.038787,0.683396,1.644510
16.352000,2.038598,0.685950,1.644950
16.369000,2.038396,0.688664,1.645418
16.385000,2.038204,0.691216,1.645858
16.399000,2.038036,0.693449,1.646243
16.411000,2.037891,0.695363,1.646573
16.429000,2.037672,0.698233,1.647068
16.446000,2.037464,0.700942,1.647536
16.464000,2.037243,0.703810,1.648031
16.481000,2.037032,0.706525,1.648350
16.493000,2.036884,0.708437,1.648509
16.510000,2.036672,0.711145,1.648733
16.527000,2.036460,0.713853,1.648957
16.544000,2.036248,0.716559,1.649181
16.560000,2.036048,0.719106,1.649392
16.575000,2.035860,0.721493,1.649590
16.592000,2.035646,0.724197,1.649814
16.607000,2.035456,0.726582,1.650012
16.624000,2.035247,0.729279,1.650236
16.639000,2.035063,0.731653,1.650435
16.653000,2.034892,0.733865,1.650620
16.670000,2.034685,0.736545,1.650844
16.686000,2.034491,0.739062,1.651056
16.704000,2.034261,0.741929,1.651294
16.719000,2.034067,0.744324,1.651493
16.736000,2.033848,0.747037,1.651718
16.753000,2.033627,0.749750,1.651943
16.769000,2.033419,0.752303,1.652155
16.786000,2.033198,0.755019,1.652260
16.803000,2.032976,0.757731,1.652293
16.815000,2.032820,0.759645,1.652316
16.832000,2.032598,0.762356,1.652349
16.849000,2.032377,0.765066,1.652382
16.866000,2.032155,0.767775,1.652414
16.881000,2.031960,0.770165,1.652443
16.893000,2.031803,0.772077,1.652466
16.911000,2.031568,0.774943,1.652501
16.927000,2.031360,0.777490,1.652532
16.945000,2.031125,0.780355,1.652567
16.958000,2.030955,0.782424,1.652592
16.970000,2.030799,0.784332,1.652615
16.987000,2.030582,0.787027,1.652648
17.003000,2.030377,0.789559,1.652679
17.021000,2.030147,0.792400,1.652714
17.036000,2.029956,0.794763,1.652743
17.050000,2.029776,0.796977,1.652771
17.068000,2.029540,0.799853,1.652806
17.085000,2.029317,0.802569,1.652839
17.102000,2.029093,0.805286,1.652770
17.118000,2.028883,0.807842,1.652661
17.135000,2.028661,0.810556,1.652546
17.152000,2.028439,0.813270,1.652431
17.167000,2.028243,0.815664,1.652329
17.183000,2.028034,0.818217,1.652220
17.196000,2.027865,0.820290,1.652132
17.213000,2.027645,0.823001,1.652016
17.230000,2.027424,0.825712,1.651901
17.247000,2.027204,0.828421,1.651785
17.261000,2.027023,0.830652,1.651690
17.273000,2.026868,0.832564,1.651609
17.290000,2.026649,0.835272,1.651493
17.307000,2.026430,0.837978,1.651378
17.324000,2.026212,0.840684,1.651262
17.340000,2.026009,0.843222,1.651154
17.355000,2.025818,0.845597,1.651052
17.372000,2.025603,0.848283,1.650937
17.389000,2.025388,0.850964,1.650821
17.405000,2.025185,0.853500,1.650680
17.420000,2.024993,0.855899,1.650482
17.437000,2.024776,0.858617,1.650257
17.454000,2.024560,0.861334,1.650031
17.470000,2.024357,0.863891,1.649819
17.486000,2.024155,0.866448,1.649607
17.499000,2.023991,0.868524,1.649435
17.516000,2.023778,0.871239,1.649210
17.534000,2.023552,0.874113,1.648971
17.550000,2.023353,0.876666,1.648759
17.562000,2.023203,0.878581,1.648600
17.579000,2.022992,0.881293,1.648375
17.595000,2.022794,0.883845,1.648163
17.611000,2.022596,0.886396,1.647951
17.623000,2.022449,0.888309,1.647792
17.640000,2.022240,0.891019,1.647566
17.658000,2.022020,0.893887,1.647328
17.674000,2.021825,0.896434,1.647116
17.688000,2.021654,0.898656,1.646930
17.705000,2.021448,0.901349,1.646705
17.722000,2.021242,0.904036,1.646480
17.739000,2.021037,0.906717,1.646254
17.751000,2.020892,0.908627,1.646064
17.768000,2.020688,0.911348,1.645759
17.784000,2.020496,0.913907,1.645473
17.798000,2.020328,0.916146,1.645222
17.811000,2.020174,0.918225,1.644989
17.829000,2.019960,0.921103,1.644667
17.844000,2.019783,0.923500,1.644398
17.857000,2.019630,0.925577,1.644165
17.874000,2.019431,0.928293,1.643861
17.891000,2.019233,0.931008,1.643556
17.905000,2.019070,0.933244,1.643306
17.919000,2.018908,0.935479,1.643055
17.935000,2.018724,0.938032,1.642768
17.952000,2.018529,0.940745,1.642464
17.968000,2.018346,0.943297,1.642177
17.983000,2.018175,0.945689,1.641908
18.000000,2.017983,0.948400,1.641604
18.017000,2.017790,0.951105,1.641299
18.032000,2.017621,0.953486,1.641031
18.046000,2.017463,0.955704,1.640780
18.064000,2.017260,0.958550,1.640457
18.080000,2.017080,0.961078,1.640166
18.096000,2.016903,0.963640,1.639831
18.112000,2.016726,0.966202,1.639496
18.128000,2.016551,0.968762,1.639161
18.145000,2.016365,0.971482,1.638805
18.162000,2.016180,0.974202,1.638449
18.176000,2.016029,0.976441,1.638156
18.188000,2.015900,0.978359,1.637904
18.205000,2.015718,0.981077,1.637548
18.222000,2.015536,0.983794,1.637192
18.239000,2.015356,0.986510,1.636836
18.252000,2.015219,0.988586,1.636564
18.269000,2.015041,0.991301,1.636208
18.286000,2.014864,0.994015,1.635852
18.303000,2.014688,0.996729,1.635495
18.318000,2.014533,0.999122,1.635181
18.336000,2.014348,1.001994,1.634804
18.353000,2.014173,1.004697,1.634448
18.370000,2.013999,1.007395,1.634092
18.385000,2.013845,1.009771,1.633777
18.398000,2.013712,1.011825,1.633505
18.415000,2.013540,1.014528,1.633136
18.431000,2.013380,1.017091,1.632774
18.448000,2.013212,1.019813,1.632390
18.463000,2.013064,1.022215,1.632052
18.480000,2.012898,1.024936,1.631668
18.496000,2.012742,1.027497,1.631306
18.514000,2.012568,1.030376,1.630899
18.531000,2.012405,1.033095,1.630515
18.544000,2.012281,1.035174,1.630222
18.562000,2.012111,1.038052,1.629815
18.579000,2.011951,1.040769,1.629431
18.596000,2.011792,1.043485,1.629047
18.612000,2.011643,1.046041,1.628685
18.630000,2.011478,1.048916,1.628279
18.647000,2.011322,1.051630,1.627895
18.665000,2.011158,1.054502,1.627482
18.681000,2.011011,1.057047,1.627113
18.690000,2.010929,1.058477,1.626906
18.708000,2.010765,1.061331,1.626491
18.725000,2.010610,1.064020,1.626099
18.742000,2.010458,1.066728,1.625707
18.756000,2.010335,1.068972,1.625385
18.770000,2.010213,1.071215,1.625062
18.787000,2.010065,1.073938,1.624670
18.804000,2.009919,1.076660,1.624278
18.819000,2.009791,1.079062,1.623932
18.835000,2.009655,1.081623,1.623563
18.852000,2.009512,1.084343,1.623171
18.869000,2.009370,1.087063,1.622779
18.885000,2.009238,1.089622,1.622410
18.899000,2.009122,1.091860,1.622087
18.912000,2.009016,1.093939,1.621787
18.929000,2.008878,1.096656,1.621395
18.946000,2.008741,1.099372,1.621003
18.962000,2.008613,1.101928,1.620634
18.979000,2.008478,1.104643,1.620247
18.992000,2.008374,1.106715,1.619953
19.006000,2.008262,1.108942,1.619635
19.022000,2.008134,1.111482,1.619272
19.039000,2.007999,1.114174,1.618887
19.055000,2.007872,1.116711,1.618524
19.069000,2.007765,1.118955,1.618206
19.086000,2.007637,1.121680,1.617820
19.102000,2.007516,1.124244,1.617457
19.116000,2.007412,1.126487,1.617140
19.126000,2.007338,1.128089,1.616913
19.144000,2.007206,1.130971,1.616504
19.161000,2.007082,1.133693,1.616118
19.178000,2.006959,1.136414,1.615732
19.194000,2.006844,1.138974,1.615369
19.204000,2.006773,1.140574,1.615142
19.221000,2.006653,1.143293,1.614756
19.238000,2.006534,1.146011,1.614370
19.254000,2.006423,1.148569,1.614007
19.266000,2.006340,1.150487,1.613735
19.283000,2.006224,1.153203,1.613364
19.300000,2.006109,1.155919,1.612996
19.316000,2.005999,1.158467,1.612649
19.330000,2.005903,1.160693,1.612345
19.348000,2.005779,1.163548,1.611954
19.366000,2.005656,1.166396,1.611564
19.383000,2.005545,1.169118,1.611195
19.399000,2.005442,1.171683,1.610848
19.415000,2.005339,1.174248,1.610500
19.432000,2.005232,1.176972,1.610131
19.449000,2.005125,1.179695,1.609762
19.464000,2.005032,1.182098,1.609437
19.478000,2.004946,1.184340,1.609133
19.494000,2.004848,1.186901,1.608785
19.511000,2.004745,1.189622,1.608416
19.528000,2.004643,1.192342,1.608047
19.541000,2.004566,1.194421,1.607765
19.558000,2.004466,1.197140,1.607396
19.575000,2.004367,1.199858,1.607027
19.591000,2.004275,1.202415,1.606680
19.602000,2.004212,1.204173,1.606451
19.619000,2.004114,1.206886,1.606107
19.636000,2.004016,1.209592,1.605763
19.651000,2.003929,1.211974,1.605459
19.669000,2.003825,1.214827,1.605095
19.686000,2.003729,1.217531,1.604751
19.702000,2.003642,1.220097,1.604427
19.713000,2.003583,1.221861,1.604204
19.730000,2.003493,1.224586,1.603860
19.747000,2.003403,1.227310,1.603516
19.760000,2.003335,1.229393,1.603253
19.777000,2.003247,1.232116,1.602908
19.794000,2.003160,1.234839,1.602564
19.811000,2.003074,1.237560,1.602220
19.826000,2.002999,1.239961,1.601916
19.842000,2.002920,1.242521,1.601592
19.858000,2.002842,1.245081,1.601268
19.875000,2.002759,1.247799,1.600924
19.892000,2.002678,1.250517,1.600579
19.909000,2.002598,1.253234,1.600257
19.926000,2.002517,1.255948,1.599943
19.943000,2.002435,1.258654,1.599629
19.960000,2.002353,1.261354,1.599314
19.976000,2.002277,1.263890,1.599018
19.989000,2.002216,1.265958,1.598778
20.007000,2.002136,1.268845,1.598445
20.024000,2.002061,1.271570,1.598130
20.041000,2.001987,1.274295,1.597816
20.053000,2.001935,1.276218,1.597594
20.070000,2.001863,1.278942,1.597279
20.087000,2.001791,1.281664,1.596964
20.104000,2.001720,1.284386,1.596650
20.119000,2.001658,1.286788,1.596372
20.131000,2.001610,1.288708,1.596150
20.148000,2.001541,1.291428,1.595835
20.164000,2.001477,1.293988,1.595539
20.178000,2.001422,1.296227,1.595280
20.190000,2.001376,1.298145,1.595058
20.207000,2.001310,1.300863,1.594743
20.224000,2.001244,1.303575,1.594457
20.240000,2.001181,1.306122,1.594192
20.256000,2.001118,1.308663,1.593926
20.273000,2.001052,1.311358,1.593644
20.290000,2.000989,1.314078,1.593363
20.307000,2.000928,1.316804,1.593081
20.323000,2.000871,1.319368,1.592815
20.336000,2.000826,1.321452,1.592600
20.353000,2.000767,1.324175,1.592318
20.370000,2.000709,1.326898,1.592036
20.387000,2.000651,1.329621,1.591754
20.403000,2.000598,1.332182,1.591488
20.420000,2.000542,1.334903,1.591206
20.436000,2.000490,1.337463,1.590941
20.453000,2.000436,1.340182,1.590659
20.470000,2.000382,1.342901,1.590377
20.482000,2.000345,1.344819,1.590178
20.498000,2.000295,1.347376,1.589913
20.516000,2.000238,1.350244,1.589614
20.532000,2.000188,1.352788,1.589348
20.543000,2.000154,1.354533,1.589166
20.560000,2.000101,1.357235,1.588891
20.578000,2.000049,1.360121,1.588629
20.594000,2.000004,1.362686,1.588397
20.607000,1.999967,1.364770,1.588208
20.624000,1.999920,1.367494,1.587961
20.641000,1.999874,1.370217,1.587714
20.658000,1.999828,1.372939,1.587467
20.671000,1.999794,1.375021,1.587278
20.688000,1.999749,1.377742,1.587031
20.704000,1.999708,1.380302,1.586798
20.720000,1.999667,1.382862,1.586566
20.733000,1.999635,1.384941,1.586377
20.749000,1.999595,1.387499,1.586144
20.766000,1.999554,1.390217,1.585897
20.782000,1.999514,1.392770,1.585664
20.796000,1.999479,1.394999,1.585461
20.812000,1.999439,1.397541,1.585228
20.830000,1.999395,1.400397,1.584966
20.845000,1.999361,1.402802,1.584773
20.859000,1.999330,1.405047,1.584597
20.876000,1.999293,1.407771,1.584384
20.891000,1.999260,1.410175,1.584195
20.908000,1.999224,1.412898,1.583982
20.924000,1.999190,1.415460,1.583781
20.941000,1.999155,1.418182,1.583568
20.959000,1.999119,1.421062,1.583342
20.976000,1.999085,1.423782,1.583128
20.993000,1.999052,1.426502,1.582915
21.004000,1.999031,1.428261,1.582776
21.021000,1.998998,1.430979,1.582563
21.037000,1.998968,1.433535,1.582362
21.052000,1.998939,1.435926,1.582174
21.068000,1.998908,1.438471,1.581973
21.085000,1.998875,1.441169,1.581759
21.102000,1.998845,1.443887,1.581545
21.119000,1.998816,1.446613,1.581331
21.133000,1.998792,1.448856,1.581155
21.144000,1.998774,1.450619,1.581017
21.161000,1.998747,1.453342,1.580831
21.178000,1.998720,1.456064,1.580650
21.195000,1.998693,1.458786,1.580470
21.211000,1.998669,1.461346,1.580299
21.224000,1.998649,1.463426,1.580161
21.241000,1.998624,1.466146,1.579980
21.258000,1.998599,1.468864,1.579799
21.275000,1.998575,1.471582,1.579618
21.292000,1.998550,1.474297,1.579437
21.307000,1.998528,1.476686,1.579277
21.324000,1.998503,1.479388,1.579096
21.341000,1.998479,1.482092,1.578915
21.358000,1.998457,1.484817,1.578734
21.371000,1.998441,1.486901,1.578595
21.384000,1.998425,1.488984,1.578457
21.401000,1.998404,1.491707,1.578276
21.418000,1.998384,1.494429,1.578094
21.435000,1.998364,1.497151,1.577913
21.451000,1.998346,1.499712,1.577743
21.466000,1.998330,1.502113,1.577583
21.482000,1.998313,1.504672,1.577435
21.499000,1.998295,1.507390,1.577285
21.516000,1.998277,1.510108,1.577135
21.532000,1.998261,1.512664,1.576994
21.547000,1.998245,1.515055,1.576861
21.565000,1.998226,1.517917,1.576702
21.582000,1.998208,1.520618,1.576552
21.599000,1.998193,1.523343,1.576402
21.615000,1.998179,1.525907,1.576260
21.630000,1.998166,1.528310,1.576128
21.646000,1.998152,1.530873,1.575986
21.663000,1.998138,1.533595,1.575836
21.679000,1.998125,1.536156,1.575695
21.697000,1.998112,1.539037,1.575536
21.711000,1.998101,1.541277,1.575412
21.724000,1.998092,1.543356,1.575297
21.741000,1.998080,1.546075,1.575147
21.758000,1.998068,1.548793,1.574996
21.775000,1.998056,1.551508,1.574846
21.790000,1.998046,1.553897,1.574713
21.805000,1.998035,1.556282,1.574581
21.821000,1.998024,1.558827,1.574446
21.838000,1.998015,1.561552,1.574325
21.855000,1.998005,1.564275,1.574204
21.872000,1.997996,1.566998,1.574083
21.886000,1.997989,1.569240,1.573983
21.899000,1.997982,1.571321,1.573890
21.916000,1.997974,1.574042,1.573769
21.933000,1.997966,1.576762,1.573648
21.950000,1.997959,1.579482,1.573527
21.964000,1.997952,1.581721,1.573428
21.977000,1.997947,1.583799,1.573335
21.994000,1.997940,1.586517,1.573214
22.010000,1.997933,1.589068,1.573100
22.025000,1.997927,1.591455,1.572994
22.041000,1.997920,1.593996,1.572880
22.053000,1.997916,1.595917,1.572794
22.071000,1.997910,1.598802,1.572666
22.088000,1.997905,1.601525,1.572545
22.105000,1.997901,1.604247,1.572447
22.120000,1.997897,1.606649,1.572363
22.132000,1.997894,1.608569,1.572295
22.149000,1.997890,1.611289,1.572200
22.166000,1.997886,1.614009,1.572104
22.183000,1.997883,1.616728,1.572008
22.197000,1.997880,1.618966,1.571930
22.210000,1.997878,1.621044,1.571857
22.227000,1.997874,1.623757,1.571761
22.244000,1.997871,1.626463,1.571665
22.262000,1.997867,1.629322,1.571564
22.279000,1.997865,1.632046,1.571468
22.291000,1.997864,1.633969,1.571401
22.308000,1.997862,1.636692,1.571305
22.324000,1.997861,1.639254,1.571215
22.342000,1.997860,1.642136,1.571114
22.357000,1.997859,1.644536,1.571029
22.371000,1.997859,1.646776,1.570950
22.388000,1.997859,1.649496,1.570855
22.405000,1.997859,1.652214,1.570759
22.422000,1.997859,1.654855,1.570756
22.438000,1.997857,1.657175,1.571018
22.449000,1.997854,1.658752,1.571227
22.466000,1.997849,1.661184,1.571551
22.483000,1.997846,1.663605,1.571907
22.498000,1.997843,1.665741,1.572440
22.510000,1.997839,1.667405,1.573047
22.528000,1.997832,1.669862,1.574255
22.545000,1.997822,1.672199,1.575717
22.561000,1.997809,1.674415,1.577378
22.575000,1.997794,1.676366,1.579059
22.590000,1.997774,1.678469,1.581095
22.607000,1.997746,1.680870,1.583698
22.623000,1.997713,1.683147,1.586435
22.638000,1.997673,1.685242,1.589253
22.652000,1.997619,1.687178,1.591951
22.668000,1.997558,1.689386,1.595035
22.685000,1.997494,1.691730,1.598336
22.701000,1.997428,1.693952,1.601681
22.719000,1.997344,1.696473,1.605784
22.736000,1.997254,1.698872,1.609990
22.751000,1.997166,1.701005,1.613970
22.764000,1.997081,1.702865,1.617623
22.780000,1.996967,1.705170,1.622380
22.797000,1.996832,1.707638,1.627750
22.811000,1.996709,1.709685,1.632418
22.821000,1.996615,1.711156,1.635888
22.838000,1.996441,1.713616,1.642012
22.854000,1.996268,1.715911,1.647814
22.868000,1.996118,1.717914,1.652890
22.883000,1.995937,1.720084,1.658407
22.900000,1.995709,1.722571,1.664970
22.915000,1.995492,1.724783,1.671044
22.929000,1.995275,1.726861,1.676952
22.946000,1.994993,1.729403,1.684439
22.963000,1.994689,1.731966,1.692269
22.979000,1.994382,1.734397,1.699954
22.990000,1.994157,1.736079,1.705416
23.004000,1.993857,1.738230,1.712546
23.019000,1.993518,1.740529,1.720213
23.034000,1.993176,1.742802,1.727879
23.051000,1.992789,1.745372,1.736568
23.070000,1.992301,1.748272,1.746269
23.086000,1.991856,1.750713,1.754563
23.101000,1.991420,1.753003,1.762428
23.118000,1.990903,1.755593,1.771339
23.135000,1.990364,1.758177,1.780247
23.149000,1.989903,1.760301,1.787581
23.164000,1.989392,1.762572,1.795437
23.181000,1.988791,1.765141,1.804337
23.197000,1.988212,1.767551,1.812712
23.213000,1.987648,1.769951,1.821087
23.230000,1.987050,1.772492,1.829986
23.246000,1.986406,1.774893,1.838351
23.263000,1.985694,1.777437,1.847235
23.280000,1.984960,1.779975,1.856116
23.297000,1.984204,1.782505,1.864994
23.309000,1.983657,1.784286,1.871258
23.327000,1.982816,1.786951,1.880653
23.343000,1.982047,1.789313,1.888999
23.360000,1.981209,1.791814,1.897865
23.375000,1.980478,1.794017,1.905671
23.391000,1.979707,1.796362,1.913995
23.407000,1.978895,1.798700,1.922303
23.425000,1.977917,1.801323,1.931580
23.440000,1.977084,1.803501,1.939309
23.456000,1.976177,1.805816,1.947550
23.473000,1.975193,1.808267,1.956303
23.490000,1.974188,1.810709,1.965054
23.507000,1.973162,1.813141,1.973802
23.524000,1.972120,1.815563,1.982547
23.537000,1.971339,1.817412,1.989235
23.554000,1.970319,1.819823,1.997983
23.571000,1.969212,1.822224,2.006719
23.589000,1.968017,1.824755,2.015965
23.605000,1.966935,1.826994,2.024181
23.619000,1.965974,1.828945,2.031368
23.636000,1.964788,1.831305,2.040092
23.653000,1.963583,1.833654,2.048812
23.670000,1.962364,1.835992,2.057530
23.686000,1.961233,1.838189,2.065737
23.699000,1.960303,1.839967,2.072405
23.716000,1.959016,1.842286,2.080983
23.733000,1.957713,1.844589,2.089343
23.750000,1.956391,1.846880,2.097699
23.767000,1.955050,1.849159,2.106054
23.783000,1.953771,1.851293,2.113914
23.797000,1.952640,1.853153,2.120790
23.814000,1.951287,1.855408,2.129142
23.831000,1.949905,1.857651,2.137490
23.846000,1.948643,1.859616,2.144850
23.862000,1.947281,1.861701,2.152698
23.876000,1.946076,1.863516,2.159563
23.893000,1.944597,1.865708,2.167897
23.910000,1.943100,1.867887,2.176228
23.927000,1.941608,1.870060,2.184558
23.944000,1.940104,1.872223,2.192887
23.959000,1.938735,1.874114,2.200230
23.974000,1.937352,1.875996,2.207572
23.991000,1.935769,1.878115,2.215889
24.007000,1.934264,1.880097,2.223714
24.024000,1.932657,1.882192,2.232027
24.038000,1.931343,1.883915,2.238873
24.049000,1.930277,1.885256,2.244247
24.066000,1.928603,1.887334,2.252368
24.083000,1.926923,1.889386,2.260163
24.099000,1.925329,1.891303,2.267479
24.116000,1.923631,1.893332,2.275252
24.132000,1.922031,1.895235,2.282567
24.149000,1.920290,1.897234,2.290334
24.166000,1.918535,1.899220,2.298098
24.183000,1.916764,1.901191,2.305860
24.200000,1.914989,1.903153,2.313621
24.216000,1.913307,1.904989,2.320923
24.230000,1.911813,1.906580,2.327310
24.247000,1.909985,1.908499,2.335063
24.264000,1.908143,1.910404,2.342813
24.282000,1.906194,1.912413,2.351020
24.298000,1.904432,1.914179,2.358310
24.309000,1.903213,1.915386,2.363320
24.327000,1.901205,1.917346,2.371516
24.344000,1.899307,1.919188,2.379258
24.359000,1.897609,1.920797,2.386084
24.377000,1.895557,1.922711,2.394272
24.391000,1.893957,1.924192,2.400640
24.408000,1.891993,1.925973,2.408369
24.425000,1.889993,1.927765,2.415982
24.442000,1.887989,1.929528,2.423243
24.459000,1.885984,1.931270,2.430322
24.475000,1.884083,1.932895,2.436981
24.492000,1.882052,1.934607,2.444055
24.509000,1.880009,1.936305,2.451126
24.526000,1.877954,1.937989,2.458195
24.543000,1.875887,1.939658,2.465262
24.558000,1.874054,1.941118,2.471496
24.570000,1.872581,1.942278,2.476482
24.587000,1.870484,1.943909,2.483544
24.604000,1.868375,1.945525,2.490603
24.617000,1.866755,1.946751,2.496000
24.634000,1.864626,1.948341,2.503056
24.649000,1.862739,1.949731,2.509280
24.666000,1.860590,1.951293,2.516332
24.683000,1.858429,1.952839,2.523381
24.698000,1.856514,1.954190,2.529600
24.713000,1.854590,1.955530,2.535816
24.728000,1.852658,1.956858,2.542031
24.745000,1.850459,1.958348,2.549072
24.762000,1.848249,1.959823,2.556111
24.779000,1.846028,1.961282,2.563148
24.796000,1.843768,1.962746,2.570040
24.808000,1.842172,1.963766,2.574705
24.825000,1.839917,1.965190,2.581066
24.842000,1.837656,1.966598,2.587378
24.859000,1.835386,1.967991,2.593688
24.873000,1.833510,1.969128,2.598884
24.886000,1.831763,1.970175,2.603707
24.903000,1.829471,1.971531,2.610013
24.920000,1.827170,1.972872,2.616317
24.937000,1.824861,1.974200,2.622620
24.952000,1.822817,1.975359,2.628179
24.969000,1.820492,1.976658,2.634479
24.985000,1.818296,1.977868,2.640406
25.001000,1.816094,1.979065,2.646331
25.016000,1.814022,1.980175,2.651885
25.030000,1.812083,1.981201,2.657067
25.047000,1.809722,1.982433,2.663358
25.064000,1.807353,1.983650,2.669647
25.080000,1.805116,1.984782,2.675565
25.094000,1.803153,1.985762,2.680741
25.112000,1.800622,1.987006,2.687395
25.129000,1.798224,1.988166,2.693677
25.143000,1.796217,1.989124,2.698759
25.155000,1.794495,1.989936,2.702941
25.172000,1.792066,1.991066,2.708595
25.188000,1.789781,1.992113,2.713802
25.201000,1.787921,1.992956,2.718032
25.217000,1.785627,1.993982,2.723237
25.234000,1.783183,1.995059,2.728765
25.250000,1.780878,1.996060,2.733967
25.266000,1.778568,1.997050,2.739168
25.283000,1.776107,1.998088,2.744693
25.298000,1.773931,1.998992,2.749567
25.314000,1.771606,1.999945,2.754764
25.333000,1.768838,2.001061,2.760935
25.350000,1.766355,2.002046,2.766454
25.362000,1.764600,2.002732,2.770349
25.379000,1.762108,2.003693,2.775866
25.396000,1.759611,2.004640,2.781381
25.411000,1.757404,2.005464,2.786246
25.426000,1.755192,2.006278,2.791110
25.443000,1.752681,2.007187,2.796622
25.460000,1.750165,2.008082,2.802131
25.475000,1.747941,2.008860,2.806992
25.491000,1.745531,2.009691,2.812059
25.505000,1.743424,2.010406,2.816270
25.520000,1.741178,2.011157,2.820555
25.537000,1.738636,2.011995,2.825316
25.553000,1.736239,2.012772,2.829796
25.568000,1.733989,2.013491,2.833995
25.582000,1.731886,2.014154,2.837913
25.600000,1.729178,2.014994,2.842950
25.617000,1.726617,2.015775,2.847706
25.633000,1.724204,2.016498,2.852181
25.648000,1.721938,2.017167,2.856376
25.663000,1.719669,2.017826,2.860570
25.680000,1.717095,2.018561,2.865322
25.697000,1.714517,2.019284,2.870073
25.714000,1.711936,2.019995,2.874823
25.731000,1.709351,2.020694,2.879572
25.745000,1.707220,2.021260,2.883482
25.763000,1.704477,2.021976,2.888508
25.780000,1.701883,2.022639,2.893253
25.797000,1.699286,2.023290,2.897998
25.812000,1.696992,2.023854,2.902183
25.826000,1.694820,2.024380,2.906006
25.844000,1.692031,2.025042,2.910632
25.861000,1.689412,2.025651,2.914718
25.878000,1.686796,2.026249,2.918739
25.893000,1.684485,2.026767,2.922287
25.906000,1.682481,2.027210,2.925361
25.924000,1.679704,2.027813,2.929617
25.942000,1.676924,2.028404,2.933872
25.958000,1.674451,2.028920,2.937654
25.973000,1.672131,2.029394,2.941199
25.985000,1.670274,2.029768,2.944034
26.002000,1.667641,2.030289,2.948050
26.019000,1.665006,2.030799,2.952065
26.036000,1.662369,2.031299,2.956079
26.051000,1.660040,2.031731,2.959621
26.065000,1.657865,2.032126,2.962925
26.083000,1.655068,2.032624,2.967174
26.100000,1.652423,2.033084,2.971185
26.116000,1.649933,2.033507,2.974959
26.132000,1.647441,2.033920,2.978733
26.145000,1.645390,2.034254,2.981732
26.163000,1.642553,2.034705,2.985618
26.180000,1.639890,2.035118,2.989018
26.197000,1.637231,2.035522,2.992354
26.212000,1.634883,2.035871,2.995296
26.228000,1.632377,2.036236,2.998435
26.245000,1.629714,2.036614,3.001769
26.262000,1.627049,2.036984,3.005103
26.278000,1.624541,2.037324,3.008240
26.295000,1.621874,2.037676,3.011573
26.309000,1.619676,2.037960,3.014317
26.326000,1.617007,2.038296,3.017648
26.343000,1.614337,2.038624,3.020979
26.359000,1.611823,2.038924,3.024114
26.376000,1.609151,2.039234,3.027444
26.392000,1.606635,2.039518,3.030578
26.409000,1.603961,2.039810,3.033907
26.426000,1.601286,2.040094,3.037235
26.442000,1.598767,2.040354,3.040367
26.459000,1.596091,2.040620,3.043694
26.476000,1.593382,2.040882,3.046907
26.488000,1.591473,2.041060,3.049016
26.506000,1.588626,2.041320,3.051950
26.523000,1.585941,2.041557,3.054655
26.540000,1.583255,2.041787,3.057360
26.555000,1.580884,2.041983,3.059746
26.568000,1.578829,2.042149,3.061813
26.586000,1.575984,2.042372,3.064676
26.603000,1.573296,2.042575,3.067379
26.618000,1.570923,2.042748,3.069764
26.634000,1.568393,2.042926,3.072308
26.648000,1.566178,2.043077,3.074533
26.665000,1.563488,2.043254,3.077235
26.682000,1.560797,2.043423,3.079936
26.698000,1.558265,2.043575,3.082479
26.714000,1.555732,2.043721,3.085021
26.728000,1.553515,2.043844,3.087244
26.745000,1.550823,2.043986,3.089944
26.762000,1.548131,2.044121,3.092644
26.779000,1.545438,2.044249,3.095344
26.795000,1.542876,2.044364,3.097788
26.810000,1.540481,2.044466,3.099878
26.827000,1.537781,2.044575,3.102044
26.844000,1.535082,2.044679,3.104182
26.861000,1.532383,2.044776,3.106320
26.877000,1.529842,2.044863,3.108331
26.894000,1.527143,2.044949,3.110468
26.911000,1.524443,2.045030,3.112605
26.927000,1.521902,2.045101,3.114616
26.944000,1.519202,2.045170,3.116752
26.959000,1.516820,2.045227,3.118637
26.975000,1.514279,2.045282,3.120648
26.992000,1.511578,2.045335,3.122783
27.008000,1.509037,2.045380,3.124793
27.023000,1.506654,2.045418,3.126677
27.038000,1.504271,2.045450,3.128561
27.056000,1.501412,2.045484,3.130821
27.073000,1.498711,2.045510,3.132956
27.090000,1.496010,2.045530,3.135090
27.105000,1.493605,2.045543,3.136894
27.116000,1.491845,2.045550,3.138096
27.133000,1.489137,2.045556,3.139777
27.149000,1.486590,2.045559,3.141320
27.165000,1.484044,2.045557,-3.140322
27.179000,1.481816,2.045553,-3.138972
27.193000,1.479589,2.045545,-3.137623
27.209000,1.477042,2.045532,-3.136080
27.226000,1.474337,2.045515,-3.134441
27.242000,1.471791,2.045494,-3.132899
27.255000,1.469722,2.045475,-3.131646
27.272000,1.467017,2.045445,-3.130007
27.289000,1.464312,2.045411,-3.128369
27.303000,1.462085,2.045380,-3.127020
27.316000,1.460016,2.045348,-3.125767
27.335000,1.456993,2.045297,-3.123936
27.352000,1.454288,2.045247,-3.122298
27.367000,1.451902,2.045199,-3.120853
27.382000,1.449515,2.045147,-3.119408
27.399000,1.446810,2.045085,-3.117771
27.416000,1.444084,2.045017,-3.116253
27.433000,1.441371,2.044947,-3.114975
27.447000,1.439141,2.044886,-3.113979
27.463000,1.436592,2.044814,-3.112840
27.478000,1.434203,2.044744,-3.111773
27.495000,1.431495,2.044661,-3.110563
27.511000,1.428947,2.044580,-3.109425
27.524000,1.426876,2.044512,-3.108500
27.541000,1.424168,2.044421,-3.107290
27.557000,1.421620,2.044331,-3.106152
27.573000,1.419072,2.044239,-3.105014
27.587000,1.416842,2.044157,-3.104018
27.604000,1.414135,2.044053,-3.102809
27.620000,1.411587,2.043952,-3.101671
27.636000,1.409040,2.043849,-3.100533
27.652000,1.406492,2.043742,-3.099395
27.668000,1.403945,2.043633,-3.098258
27.685000,1.401238,2.043514,-3.097049
27.702000,1.398532,2.043391,-3.095840
27.718000,1.395985,2.043273,-3.094703
27.731000,1.393901,2.043174,-3.093849
27.748000,1.391187,2.043043,-3.092945
27.764000,1.388638,2.042918,-3.092152
27.780000,1.386088,2.042790,-3.091360
27.795000,1.383698,2.042669,-3.090617
27.812000,1.380989,2.042529,-3.089775
27.829000,1.378280,2.042388,-3.088934
27.846000,1.375571,2.042243,-3.088092
27.862000,1.373022,2.042106,-3.087300
27.874000,1.371110,2.042001,-3.086706
27.891000,1.368402,2.041851,-3.085864
27.907000,1.365853,2.041708,-3.085072
27.924000,1.363145,2.041553,-3.084230
27.940000,1.360597,2.041405,-3.083438
27.955000,1.358207,2.041265,-3.082696
27.972000,1.355500,2.041104,-3.081855
27.989000,1.352792,2.040941,-3.081013
28.006000,1.350085,2.040775,-3.080172
28.021000,1.347696,2.040627,-3.079430
28.032000,1.345944,2.040518,-3.078885
28.049000,1.343224,2.040346,-3.078153
28.066000,1.340514,2.040173,-3.077609
28.081000,1.338123,2.040019,-3.077138
28.098000,1.335413,2.039843,-3.076605
28.116000,1.332545,2.039655,-3.076040
28.133000,1.329835,2.039477,-3.075506
28.150000,1.327126,2.039297,-3.074972
28.167000,1.324417,2.039115,-3.074438
28.181000,1.322186,2.038964,-3.073999
28.198000,1.319477,2.038780,-3.073465
28.214000,1.316927,2.038605,-3.072963
28.231000,1.314219,2.038418,-3.072430
28.245000,1.311988,2.038263,-3.071990
28.256000,1.310235,2.038141,-3.071645
28.273000,1.307527,2.037950,-3.071111
28.288000,1.305137,2.037781,-3.070641
28.305000,1.302429,2.037587,-3.070107
28.322000,1.299721,2.037392,-3.069574
28.336000,1.297490,2.037231,-3.069134
28.353000,1.294773,2.037033,-3.068710
28.370000,1.292063,2.036834,-3.068426
28.386000,1.289512,2.036647,-3.068160
28.400000,1.287280,2.036483,-3.067926
28.415000,1.284889,2.036306,-3.067676
28.431000,1.282338,2.036116,-3.067410
28.448000,1.279628,2.035915,-3.067127
28.464000,1.277078,2.035724,-3.066860
28.477000,1.275006,2.035568,-3.066643
28.494000,1.272296,2.035364,-3.066360
28.510000,1.269746,2.035172,-3.066093
28.525000,1.267355,2.034991,-3.065844
28.536000,1.265601,2.034857,-3.065660
28.552000,1.263051,2.034663,-3.065394
28.568000,1.260501,2.034468,-3.065127
28.585000,1.257792,2.034260,-3.064844
28.596000,1.256038,2.034125,-3.064661
28.614000,1.253170,2.033903,-3.064361
28.630000,1.250620,2.033705,-3.064094
28.646000,1.248070,2.033507,-3.063828
28.659000,1.245992,2.033345,-3.063662
28.675000,1.243441,2.033145,-3.063581
28.692000,1.240730,2.032933,-3.063498
28.708000,1.238178,2.032733,-3.063419
28.722000,1.235946,2.032558,-3.063351
28.740000,1.233075,2.032333,-3.063263
28.757000,1.230364,2.032120,-3.063180
28.774000,1.227653,2.031907,-3.063097
28.791000,1.224943,2.031694,-3.063013
28.806000,1.222551,2.031505,-3.062940
28.824000,1.219680,2.031279,-3.062852
28.840000,1.217129,2.031077,-3.062774
28.856000,1.214578,2.030876,-3.062696
28.873000,1.211867,2.030661,-3.062612
28.890000,1.209156,2.030447,-3.062529
28.906000,1.206605,2.030244,-3.062451
28.919000,1.204532,2.030080,-3.062388
28.936000,1.201821,2.029864,-3.062304
28.953000,1.199111,2.029649,-3.062221
28.969000,1.196559,2.029446,-3.062143
28.982000,1.194483,2.029280,-3.062139
28.998000,1.191930,2.029077,-3.062208
29.016000,1.189058,2.028849,-3.062287
29.033000,1.186346,2.028634,-3.062360
29.051000,1.183475,2.028406,-3.062438
29.068000,1.180762,2.028191,-3.062512
29.082000,1.178529,2.028014,-3.062573
29.095000,1.176455,2.027849,-3.062629
29.112000,1.173743,2.027635,-3.062703
29.129000,1.171031,2.027421,-3.062777
29.142000,1.168956,2.027257,-3.062833
29.153000,1.167201,2.027118,-3.062881
29.170000,1.164489,2.026905,-3.062955
29.187000,1.161777,2.026691,-3.063029
29.202000,1.159384,2.026503,-3.063094
29.215000,1.157310,2.026339,-3.063150
29.233000,1.154438,2.026114,-3.063228
29.250000,1.151726,2.025901,-3.063302
29.266000,1.149173,2.025701,-3.063372
29.279000,1.147099,2.025538,-3.063428
29.296000,1.144384,2.025326,-3.063589
29.313000,1.141670,2.025114,-3.063780
29.329000,1.139116,2.024915,-3.063960
29.342000,1.137041,2.024754,-3.064106
29.359000,1.134328,2.024543,-3.064297
29.376000,1.131614,2.024334,-3.064488
29.392000,1.129060,2.024136,-3.064668
29.403000,1.127304,2.024001,-3.064791
29.419000,1.124750,2.023805,-3.064971
29.436000,1.122036,2.023597,-3.065162
29.454000,1.119163,2.023377,-3.065364
29.470000,1.116609,2.023182,-3.065544
29.487000,1.113895,2.022976,-3.065735
29.504000,1.111181,2.022770,-3.065926
29.520000,1.108627,2.022576,-3.066106
29.537000,1.105913,2.022371,-3.066297
29.554000,1.103199,2.022167,-3.066488
29.571000,1.100485,2.021963,-3.066679
29.583000,1.098569,2.021819,-3.066814
29.600000,1.095853,2.021616,-3.067067
29.618000,1.092979,2.021402,-3.067357
29.633000,1.090583,2.021224,-3.067599
29.647000,1.088347,2.021059,-3.067825
29.664000,1.085632,2.020858,-3.068099
29.679000,1.083236,2.020682,-3.068341
29.692000,1.081160,2.020530,-3.068550
29.708000,1.078604,2.020344,-3.068808
29.725000,1.075889,2.020146,-3.069082
29.741000,1.073334,2.019961,-3.069340
29.753000,1.071417,2.019822,-3.069534
29.770000,1.068701,2.019627,-3.069808
29.786000,1.066146,2.019443,-3.070066
29.801000,1.063750,2.019272,-3.070308
29.818000,1.061034,2.019078,-3.070582
29.834000,1.058478,2.018897,-3.070840
29.847000,1.056401,2.018750,-3.071049
29.865000,1.053526,2.018547,-3.071339
29.881000,1.050970,2.018368,-3.071597
29.894000,1.048893,2.018222,-3.071807
29.910000,1.046336,2.018044,-3.072106
29.926000,1.043780,2.017867,-3.072415
29.937000,1.042022,2.017745,-3.072628
29.953000,1.039465,2.017569,-3.072938
29.967000,1.037228,2.017415,-3.073209
29.982000,1.034831,2.017252,-3.073499
29.999000,1.032114,2.017067,-3.073828
30.012000,1.030037,2.016926,-3.074079
30.023000,1.028279,2.016807,-3.074292
30.040000,1.025562,2.016625,-3.074621
30.055000,1.023165,2.016464,-3.074911
30.067000,1.021247,2.016337,-3.075144
30.084000,1.018530,2.016156,-3.075473
30.099000,1.016133,2.015998,-3.075763
30.116000,1.013416,2.015819,-3.076092
30.131000,1.011018,2.015662,-3.076382
30.142000,1.009260,2.015548,-3.076595
30.160000,1.006383,2.015361,-3.076943
30.175000,1.003985,2.015206,-3.077234
30.194000,1.000948,2.015011,-3.077601
30.209000,0.998551,2.014858,-3.077892
30.222000,0.996472,2.014726,-3.078161
30.239000,0.993755,2.014554,-3.078521
30.252000,0.991676,2.014423,-3.078797
30.269000,0.988958,2.014252,-3.079158
30.283000,0.986720,2.014113,-3.079455
30.297000,0.984482,2.013974,-3.079752
30.315000,0.981604,2.013796,-3.080134
30.331000,0.979045,2.013639,-3.080473
30.346000,0.976647,2.013493,-3.080792
30.361000,0.974249,2.013347,-3.081110
30.373000,0.972330,2.013231,-3.081365
30.390000,0.969611,2.013068,-3.081725
30.405000,0.967213,2.012925,-3.082044
30.422000,0.964494,2.012763,-3.082404
30.437000,0.962096,2.012621,-3.082723
30.455000,0.959217,2.012452,-3.083105
30.470000,0.956819,2.012312,-3.083423
30.483000,0.954740,2.012192,-3.083699
30.500000,0.952021,2.012035,-3.084059
30.508000,0.950741,2.011961,-3.084229
30.526000,0.947863,2.011796,-3.084611
30.543000,0.945144,2.011642,-3.084983
30.559000,0.942585,2.011497,-3.085335
30.576000,0.939866,2.011345,-3.085709
30.590000,0.937626,2.011220,-3.086016
30.606000,0.935067,2.011078,-3.086368
30.622000,0.932508,2.010937,-3.086720
30.635000,0.930428,2.010823,-3.087005
30.651000,0.927869,2.010684,-3.087357
30.665000,0.925630,2.010562,-3.087665
30.682000,0.922910,2.010416,-3.088039
30.699000,0.920191,2.010271,-3.088412
30.717000,0.917311,2.010118,-3.088808
30.733000,0.914752,2.009984,-3.089160
30.746000,0.912672,2.009875,-3.089445
30.763000,0.909952,2.009733,-3.089819
30.775000,0.908032,2.009634,-3.090083
30.792000,0.905313,2.009495,-3.090457
30.805000,0.903233,2.009388,-3.090742
30.817000,0.901313,2.009291,-3.091006
30.834000,0.898593,2.009154,-3.091380
30.848000,0.896353,2.009042,-3.091686
30.865000,0.893633,2.008906,-3.092058
30.877000,0.891713,2.008812,-3.092321
30.895000,0.888833,2.008670,-3.092714
30.907000,0.886913,2.008576,-3.092977
30.924000,0.884193,2.008445,-3.093349
30.939000,0.881793,2.008329,-3.093677
30.953000,0.879552,2.008222,-3.093983
30.970000,0.876832,2.008093,-3.094355
30.984000,0.874592,2.007988,-3.094661
31.001000,0.871871,2.007860,-3.095033
31.009000,0.870591,2.007801,-3.095208
31.026000,0.867871,2.007675,-3.095579
31.038000,0.865950,2.007587,-3.095842
31.054000,0.863390,2.007470,-3.096192
31.069000,0.860989,2.007362,-3.096520
31.085000,0.858429,2.007247,-3.096870
31.099000,0.856188,2.007147,-3.097176
31.114000,0.853788,2.007041,-3.097504
31.132000,0.850907,2.006914,-3.097898
31.146000,0.848666,2.006817,-3.098204
31.164000,0.845786,2.006692,-3.098586
31.178000,0.843545,2.006596,-3.098881
31.195000,0.840824,2.006480,-3.099240
31.204000,0.839384,2.006419,-3.099430
31.221000,0.836663,2.006305,-3.099788
31.235000,0.834422,2.006212,-3.100084
31.252000,0.831701,2.006099,-3.100442
31.269000,0.828981,2.005988,-3.100801
31.286000,0.826260,2.005877,-3.101160
31.301000,0.823859,2.005781,-3.101476
31.311000,0.822258,2.005717,-3.101687
31.327000,0.819697,2.005615,-3.102025
31.342000,0.817296,2.005520,-3.102341
31.358000,0.814735,2.005420,-3.102679
31.375000,0.812014,2.005315,-3.103037
31.392000,0.809293,2.005210,-3.103396
31.409000,0.806571,2.005107,-3.103755
31.421000,0.804650,2.005034,-3.104008
31.438000,0.801929,2.004932,-3.104367
31.451000,0.799848,2.004855,-3.104641
31.470000,0.796807,2.004744,-3.105024
31.481000,0.795046,2.004679,-3.105242
31.499000,0.792165,2.004575,-3.105599
31.511000,0.790244,2.004506,-3.105837
31.527000,0.787683,2.004415,-3.106155
31.543000,0.785121,2.004325,-3.106473
31.559000,0.782560,2.004235,-3.106790
31.572000,0.780479,2.004163,-3.107048
31.588000,0.777918,2.004075,-3.107366
31.603000,0.775516,2.003993,-3.107664
31.617000,0.773275,2.003917,-3.107941
31.634000,0.770554,2.003826,-3.108279
31.646000,0.768633,2.003762,-3.108517
31.663000,0.765911,2.003673,-3.108855
31.675000,0.763990,2.003610,-3.109093
31.693000,0.761108,2.003517,-3.109450
31.705000,0.759187,2.003456,-3.109688
31.721000,0.756625,2.003374,-3.110006
31.734000,0.754544,2.003309,-3.110264
31.749000,0.752143,2.003234,-3.110562
31.764000,0.749741,2.003160,-3.110859
31.777000,0.747660,2.003096,-3.111104
31.794000,0.744938,2.003014,-3.111415
31.805000,0.743177,2.002961,-3.111615
31.822000,0.740456,2.002879,-3.111926
31.834000,0.738535,2.002823,-3.112145
31.851000,0.735813,2.002743,-3.112456
31.863000,0.733892,2.002687,-3.112675
31.881000,0.731010,2.002604,-3.113004
31.895000,0.728769,2.002541,-3.113260
31.910000,0.726367,2.002473,-3.113534
31.925000,0.723966,2.002406,-3.113808
31.938000,0.721884,2.002348,-3.114045
31.955000,0.719163,2.002274,-3.114356
31.967000,0.717241,2.002222,-3.114575
31.984000,0.714520,2.002149,-3.114886
32.000000,0.711958,2.002081,-3.115178
32.018000,0.709076,2.002005,-3.115507
32.032000,0.706834,2.001947,-3.115762
32.044000,0.704913,2.001897,-3.115982
32.060000,0.702351,2.001832,-3.116274
32.074000,0.700110,2.001776,-3.116530
32.090000,0.697548,2.001712,-3.116822
32.101000,0.695787,2.001668,-3.117012
32.119000,0.692905,2.001598,-3.117308
32.133000,0.690664,2.001544,-3.117538
32.150000,0.687942,2.001479,-3.117818
32.159000,0.686501,2.001445,-3.117967
32.176000,0.683779,2.001381,-3.118246
32.190000,0.681538,2.001329,-3.118477
32.205000,0.679136,2.001274,-3.118724
32.221000,0.676574,2.001215,-3.118987
32.234000,0.674493,2.001168,-3.119201
32.251000,0.671771,2.001108,-3.119481
32.261000,0.670170,2.001073,-3.119646
32.278000,0.667448,2.001013,-3.119926
32.290000,0.665527,2.000972,-3.120124
32.307000,0.662805,2.000914,-3.120403
32.320000,0.660723,2.000870,-3.120618
32.336000,0.658162,2.000817,-3.120881
32.352000,0.655600,2.000764,-3.121144
32.368000,0.653038,2.000712,-3.121408
32.380000,0.651117,2.000673,-3.121606
32.393000,0.649035,2.000632,-3.121820
32.409000,0.646474,2.000582,-3.122058
32.417000,0.645193,2.000557,-3.122175
32.436000,0.642151,2.000498,-3.122452
32.447000,0.640390,2.000465,-3.122612
32.463000,0.637828,2.000416,-3.122845
32.477000,0.635587,2.000374,-3.123050
32.495000,0.632705,2.000321,-3.123312
32.506000,0.630944,2.000289,-3.123472
32.524000,0.628062,2.000238,-3.123735
32.540000,0.625500,2.000192,-3.123968
32.555000,0.623098,2.000150,-3.124187
32.570000,0.620697,2.000109,-3.124406
32.585000,0.618295,2.000068,-3.124624
32.602000,0.615573,2.000022,-3.124872
32.611000,0.614132,1.999998,-3.125004
32.628000,0.611411,1.999953,-3.125252
32.640000,0.609489,1.999922,-3.125427
32.658000,0.606607,1.999876,-3.125689
32.675000,0.603885,1.999833,-3.125937
32.692000,0.601163,1.999790,-3.126185
32.709000,0.598442,1.999749,-3.126433
32.723000,0.596200,1.999715,-3.126623
32.739000,0.593639,1.999677,-3.126826
32.749000,0.592038,1.999653,-3.126952
32.766000,0.589316,1.999614,-3.127168
32.783000,0.586594,1.999575,-3.127383
32.800000,0.583873,1.999537,-3.127599
32.815000,0.581471,1.999503,-3.127789
32.830000,0.579070,1.999470,-3.127979
32.844000,0.576828,1.999440,-3.128156
32.856000,0.574907,1.999414,-3.128308
32.874000,0.572025,1.999376,-3.128536
32.888000,0.569784,1.999347,-3.128714
32.905000,0.567062,1.999313,-3.128929
32.922000,0.564341,1.999278,-3.129145
32.939000,0.561619,1.999245,-3.129360
32.949000,0.560018,1.999225,-3.129487
32.965000,0.557456,1.999195,-3.129690
32.979000,0.555215,1.999168,-3.129867
32.996000,0.552493,1.999137,-3.130082
33.008000,0.550572,1.999115,-3.130234
33.024000,0.548010,1.999086,-3.130437
33.041000,0.545289,1.999056,-3.130624
33.055000,0.543047,1.999031,-3.130775
33.072000,0.540326,1.999002,-3.130959
33.081000,0.538885,1.998987,-3.131057
33.098000,0.536164,1.998958,-3.131240
33.109000,0.534403,1.998940,-3.131359
33.125000,0.531841,1.998914,-3.131532
33.138000,0.529760,1.998894,-3.131673
33.154000,0.527199,1.998868,-3.131846
33.169000,0.524797,1.998845,-3.132008
33.186000,0.522076,1.998819,-3.132192
33.201000,0.519674,1.998797,-3.132354
33.212000,0.517913,1.998781,-3.132473
33.228000,0.515352,1.998758,-3.132646
33.239000,0.513591,1.998742,-3.132765
33.255000,0.511030,1.998720,-3.132938
33.267000,0.509108,1.998703,-3.133068
33.283000,0.506547,1.998682,-3.133241
33.296000,0.504466,1.998664,-3.133381
33.313000,0.501744,1.998642,-3.133565
33.330000,0.499023,1.998621,-3.133749
33.347000,0.496301,1.998600,-3.133911
33.361000,0.494060,1.998583,-3.134038
33.377000,0.491499,1.998563,-3.134183
33.394000,0.488778,1.998543,-3.134337
33.408000,0.486537,1.998527,-3.134464
33.425000,0.483815,1.998508,-3.134618
33.438000,0.481734,1.998494,-3.134735
33.456000,0.478853,1.998474,-3.134898
33.467000,0.477092,1.998463,-3.134998
33.485000,0.474211,1.998444,-3.135161
33.496000,0.472450,1.998433,-3.135261
33.513000,0.469729,1.998416,-3.135414
33.528000,0.467327,1.998401,-3.135550
33.545000,0.464606,1.998385,-3.135704
33.560000,0.462205,1.998371,-3.135840
33.574000,0.459964,1.998358,-3.135967
33.590000,0.457403,1.998344,-3.136112
33.604000,0.455161,1.998332,-3.136239
33.621000,0.452440,1.998317,-3.136393
33.635000,0.450199,1.998306,-3.136519
33.652000,0.447478,1.998292,-3.136673
33.661000,0.446037,1.998285,-3.136742
33.678000,0.443316,1.998272,-3.136869
33.695000,0.440595,1.998259,-3.136995
33.712000,0.437874,1.998247,-3.137121
33.724000,0.435953,1.998238,-3.137210
33.740000,0.433392,1.998227,-3.137328
33.756000,0.430831,1.998217,-3.137447
33.768000,0.428910,1.998209,-3.137536
33.785000,0.426189,1.998198,-3.137662
33.796000,0.424428,1.998191,-3.137744
33.813000,0.421707,1.998181,-3.137870
33.821000,0.420427,1.998176,-3.137929
33.836000,0.418026,1.998167,-3.138041
33.851000,0.415625,1.998159,-3.138152
33.867000,0.413064,1.998150,-3.138271
33.884000,0.410343,1.998141,-3.138397
33.901000,0.407621,1.998133,-3.138523
33.916000,0.405220,1.998126,-3.138634
33.930000,0.402979,1.998119,-3.138738
33.947000,0.400258,1.998112,-3.138864
33.960000,0.398178,1.998106,-3.138960
33.977000,0.395457,1.998099,-3.139064
33.992000,0.393056,1.998093,-3.139153
34.009000,0.390335,1.998086,-3.139254
34.018000,0.388894,1.998083,-3.139307
34.035000,0.386174,1.998077,-3.139408
34.048000,0.384093,1.998073,-3.139485
34.066000,0.381212,1.998067,-3.139592
34.077000,0.379451,1.998063,-3.139657
34.093000,0.376891,1.998058,-3.139752
34.105000,0.374970,1.998055,-3.139823
34.119000,0.372729,1.998051,-3.139907
34.136000,0.370008,1.998047,-3.140007
34.149000,0.367928,1.998043,-3.140085
34.166000,0.365207,1.998039,-3.140186
34.178000,0.363286,1.998037,-3.140257
34.195000,0.360565,1.998033,-3.140358
34.208000,0.358484,1.998031,-3.140435
34.226000,0.355603,1.998028,-3.140542
34.237000,0.353843,1.998026,-3.140607
34.255000,0.350962,1.998023,-3.140714
34.269000,0.348721,1.998021,-3.140797
34.285000,0.346220,1.998019,-3.140819
34.299000,0.344170,1.998018,-3.140648
34.317000,0.341607,1.998014,-3.140176
34.333000,0.339316,1.998010,-3.139529
34.343000,0.337879,1.998007,-3.139015
34.360000,0.335424,1.997999,-3.137949
34.372000,0.333726,1.997992,-3.137044
34.390000,0.331239,1.997978,-3.135452
34.405000,0.329155,1.997964,-3.133916
34.417000,0.327480,1.997949,-3.132551
34.434000,0.325096,1.997925,-3.130408
34.444000,0.323688,1.997908,-3.129033
34.462000,0.321140,1.997872,-3.126345
34.474000,0.319433,1.997844,-3.124400
34.492000,0.316859,1.997795,-3.121251
34.502000,0.315449,1.997765,-3.119379
34.519000,0.313088,1.997708,-3.115995
34.532000,0.311273,1.997658,-3.113239
34.549000,0.308886,1.997585,-3.109415
34.563000,0.306910,1.997517,-3.106079
34.577000,0.304923,1.997442,-3.102572
34.593000,0.302641,1.997348,-3.098356
34.606000,0.300777,1.997263,-3.094766
34.623000,0.298326,1.997141,-3.089847
34.637000,0.296296,1.997031,-3.085606
34.653000,0.293963,1.996893,-3.080546
34.669000,0.291617,1.996742,-3.075260
34.686000,0.289108,1.996567,-3.069392
34.701000,0.286918,1.996402,-3.063996
34.713000,0.285166,1.996261,-3.059532
34.728000,0.282966,1.996072,-3.053768
34.745000,0.280456,1.995841,-3.046989
34.762000,0.277931,1.995591,-3.039946
34.776000,0.275839,1.995370,-3.033947
34.793000,0.273285,1.995083,-3.026419
34.803000,0.271775,1.994904,-3.021865
34.820000,0.269195,1.994581,-3.013910
34.829000,0.267823,1.994401,-3.009589
34.846000,0.265218,1.994042,-3.001219
34.861000,0.262911,1.993706,-2.993667
34.878000,0.260298,1.993303,-2.985103
34.893000,0.257996,1.992930,-2.977550
34.907000,0.255850,1.992565,-2.970502
34.924000,0.253248,1.992102,-2.961946
34.936000,0.251413,1.991762,-2.955910
34.953000,0.248828,1.991263,-2.947238
34.963000,0.247304,1.990958,-2.942054
34.980000,0.244718,1.990421,-2.933243
34.992000,0.242896,1.990029,-2.927026
35.010000,0.240167,1.989418,-2.917702
35.023000,0.238200,1.988962,-2.910970
35.041000,0.235481,1.988308,-2.901651
35.055000,0.233370,1.987782,-2.894406
35.071000,0.230963,1.987162,-2.886128
35.088000,0.228411,1.986482,-2.877336
35.103000,0.226165,1.985863,-2.869581
35.118000,0.223923,1.985227,-2.861828
35.131000,0.221984,1.984661,-2.855111
35.147000,0.219603,1.983947,-2.846846
35.160000,0.217673,1.983353,-2.840133
35.178000,0.215007,1.982508,-2.830841
35.189000,0.213381,1.981980,-2.825165
35.206000,0.210875,1.981145,-2.816395
35.221000,0.208670,1.980390,-2.808660
35.238000,0.206178,1.979514,-2.799933
35.255000,0.203693,1.978616,-2.791242
35.269000,0.201652,1.977861,-2.784086
35.286000,0.199182,1.976924,-2.775399
35.298000,0.197443,1.976249,-2.769270
35.315000,0.194987,1.975276,-2.760588
35.329000,0.192971,1.974458,-2.753440
35.346000,0.190530,1.973446,-2.744764
35.356000,0.189099,1.972841,-2.739662
35.373000,0.186672,1.971795,-2.730990
35.383000,0.185249,1.971170,-2.725891
35.401000,0.182696,1.970026,-2.716714
35.414000,0.180858,1.969186,-2.710088
35.429000,0.178745,1.968202,-2.702445
35.446000,0.176359,1.967066,-2.693786
35.461000,0.174262,1.966047,-2.686148
35.478000,0.171895,1.964873,-2.677495
35.490000,0.170230,1.964032,-2.671389
35.508000,0.167743,1.962751,-2.662232
35.524000,0.165542,1.961594,-2.654096
35.541000,0.163213,1.960344,-2.645454
35.554000,0.161440,1.959375,-2.638848
35.571000,0.159120,1.958084,-2.630332
35.585000,0.157224,1.957010,-2.623488
35.601000,0.155067,1.955767,-2.615672
35.615000,0.153187,1.954666,-2.608835
35.629000,0.151315,1.953552,-2.602000
35.645000,0.149185,1.952263,-2.594190
35.662000,0.146932,1.950875,-2.585895
35.679000,0.144692,1.949469,-2.577603
35.690000,0.143248,1.948549,-2.572239
35.708000,0.140896,1.947027,-2.563463
35.717000,0.139725,1.946258,-2.559077
35.735000,0.137394,1.944705,-2.550306
35.749000,0.135590,1.943483,-2.543487
35.765000,0.133539,1.942072,-2.535695
35.780000,0.131625,1.940734,-2.528393
35.794000,0.129849,1.939473,-2.521579
35.811000,0.127703,1.937925,-2.513308
35.826000,0.125820,1.936545,-2.506012
35.842000,0.123823,1.935057,-2.498233
35.855000,0.122209,1.933838,-2.491914
35.871000,0.120233,1.932322,-2.484140
35.884000,0.118636,1.931080,-2.477824
35.901000,0.116559,1.929439,-2.469569
35.914000,0.114966,1.928162,-2.463337
35.931000,0.112903,1.926484,-2.455480
35.943000,0.111460,1.925294,-2.450017
35.959000,0.109545,1.923695,-2.442735
35.972000,0.107998,1.922385,-2.436820
35.986000,0.106340,1.920965,-2.430451
36.003000,0.104340,1.919226,-2.422720
36.014000,0.103053,1.918092,-2.417719
36.031000,0.101075,1.916328,-2.409991
36.044000,0.099571,1.914968,-2.404084
36.061000,0.097617,1.913177,-2.396361
36.075000,0.096019,1.911691,-2.390002
36.091000,0.094203,1.909980,-2.382738
36.108000,0.092288,1.908147,-2.375022
36.126000,0.090276,1.906191,-2.366854
36.138000,0.088943,1.904877,-2.361411
36.155000,0.087067,1.903004,-2.353701
36.172000,0.085206,1.901117,-2.345994
36.189000,0.083359,1.899215,-2.338290
36.203000,0.081849,1.897638,-2.331947
36.216000,0.080456,1.896166,-2.326059
36.232000,0.078754,1.894342,-2.318814
36.242000,0.077696,1.893196,-2.314288
36.259000,0.075911,1.891236,-2.306594
36.268000,0.074959,1.890180,-2.302567
36.285000,0.073179,1.888181,-2.295220
36.300000,0.071631,1.886419,-2.288972
36.317000,0.069891,1.884411,-2.281916
36.332000,0.068368,1.882630,-2.275691
36.350000,0.066554,1.880479,-2.268224
36.364000,0.065155,1.878797,-2.262418
36.380000,0.063568,1.876865,-2.255784
36.393000,0.062287,1.875288,-2.250395
36.411000,0.060529,1.873092,-2.242935
36.425000,0.059172,1.871375,-2.237135
36.442000,0.057539,1.869280,-2.230094
36.457000,0.056110,1.867422,-2.223883
36.471000,0.054786,1.865680,-2.218088
36.486000,0.053379,1.863805,-2.211880
36.502000,0.051891,1.861795,-2.205260
36.519000,0.050325,1.859648,-2.198229
36.534000,0.048956,1.857746,-2.192027
36.548000,0.047689,1.855962,-2.186239
36.562000,0.046432,1.854171,-2.180454
36.573000,0.045451,1.852759,-2.175909
36.588000,0.044125,1.850826,-2.169713
36.604000,0.042723,1.848755,-2.163105
36.621000,0.041248,1.846544,-2.156088
36.633000,0.040201,1.844956,-2.151214
36.650000,0.038738,1.842705,-2.144596
36.659000,0.037974,1.841518,-2.141226
36.676000,0.036544,1.839271,-2.134916
36.689000,0.035460,1.837547,-2.130093
36.706000,0.034055,1.835284,-2.123786
36.719000,0.032990,1.833548,-2.118965
36.735000,0.031691,1.831404,-2.113032
36.750000,0.030485,1.829387,-2.107471
36.763000,0.029449,1.827633,-2.102653
36.777000,0.028342,1.825739,-2.097465
36.786000,0.027636,1.824519,-2.094131
36.803000,0.026314,1.822207,-2.087834
36.813000,0.025542,1.820843,-2.084131
36.829000,0.024319,1.818655,-2.078207
36.844000,0.023184,1.816597,-2.072655
36.861000,0.021911,1.814258,-2.066364
36.877000,0.020726,1.812048,-2.060445
36.893000,0.019555,1.809832,-2.054527
36.909000,0.018397,1.807608,-2.048611
36.922000,0.017465,1.805797,-2.043806
36.939000,0.016261,1.803421,-2.037524
36.953000,0.015280,1.801459,-2.032351
36.970000,0.014102,1.799070,-2.026072
36.982000,0.013269,1.797359,-2.021694
37.000000,0.012034,1.794785,-2.015424
37.011000,0.011292,1.793219,-2.011770
37.028000,0.010160,1.790801,-2.006229
37.039000,0.009435,1.789233,-2.002645
37.055000,0.008390,1.786947,-1.997432
37.067000,0.007614,1.785229,-1.993523
37.083000,0.006590,1.782934,-1.988311
37.098000,0.005641,1.780777,-1.983427
37.112000,0.004764,1.778761,-1.978869
37.130000,0.003651,1.776162,-1.973011
37.143000,0.002856,1.774280,-1.968780
37.159000,0.001890,1.771961,-1.963575
37.169000,0.001291,1.770508,-1.960323
37.185000,0.000344,1.768180,-1.955119
37.198000,-0.000417,1.766285,-1.950893
37.213000,-0.001285,1.764095,-1.946017
37.224000,-0.001914,1.762485,-1.942442
37.242000,-0.002932,1.759848,-1.936593
37.255000,-0.003658,1.757939,-1.932370
37.272000,-0.004595,1.755438,-1.926849
37.282000,-0.005139,1.753964,-1.923602
37.299000,-0.006054,1.751456,-1.918084
37.308000,-0.006533,1.750125,-1.915163
37.325000,-0.007426,1.747609,-1.909646
37.337000,-0.008059,1.745804,-1.905827
37.353000,-0.008889,1.743398,-1.900973
37.368000,-0.009651,1.741155,-1.896667
37.386000,-0.010551,1.738467,-1.891612
37.403000,-0.011388,1.735924,-1.886838
37.414000,-0.011923,1.734277,-1.883750
37.431000,-0.012740,1.731727,-1.878978
37.443000,-0.013310,1.729926,-1.875611
37.460000,-0.014106,1.727370,-1.870841
37.472000,-0.014661,1.725563,-1.867475
37.489000,-0.015436,1.723001,-1.862706
37.503000,-0.016066,1.720888,-1.858781
37.519000,-0.016775,1.718470,-1.854295
37.535000,-0.017474,1.716049,-1.849810
37.546000,-0.017948,1.714383,-1.846727
37.563000,-0.018670,1.711805,-1.841964
37.579000,-0.019339,1.709375,-1.837481
37.596000,-0.020037,1.706791,-1.832720
37.604000,-0.020361,1.705573,-1.830480
37.622000,-0.021081,1.702831,-1.825440
37.636000,-0.021632,1.700696,-1.821521
37.652000,-0.022251,1.698254,-1.817044
37.668000,-0.022868,1.695776,-1.812677
37.684000,-0.023472,1.693302,-1.808570
37.698000,-0.023989,1.691149,-1.805182
37.715000,-0.024606,1.688537,-1.801137
37.732000,-0.025213,1.685923,-1.797094
37.746000,-0.025704,1.683768,-1.793764
37.763000,-0.026292,1.681150,-1.789722
37.775000,-0.026700,1.679300,-1.786869
37.793000,-0.027302,1.676523,-1.782590
37.807000,-0.027762,1.674361,-1.779263
37.821000,-0.028216,1.672198,-1.775936
37.832000,-0.028567,1.670497,-1.773323
37.849000,-0.029100,1.667867,-1.769284
37.866000,-0.029623,1.665235,-1.765246
37.883000,-0.030136,1.662600,-1.761210
37.892000,-0.030403,1.661205,-1.759073
37.907000,-0.030841,1.658878,-1.755512
37.923000,-0.031299,1.656394,-1.751715
37.940000,-0.031776,1.653752,-1.747680
37.952000,-0.032106,1.651887,-1.744833
37.967000,-0.032511,1.649554,-1.741275
37.982000,-0.032908,1.647219,-1.737718
37.999000,-0.033354,1.644538,-1.733806
38.016000,-0.033788,1.641865,-1.730172
38.030000,-0.034136,1.639675,-1.727372
38.045000,-0.034502,1.637330,-1.724408
38.059000,-0.034838,1.635140,-1.721642
38.076000,-0.035237,1.632480,-1.718284
38.086000,-0.035467,1.630914,-1.716309
38.103000,-0.035852,1.628252,-1.712951
38.120000,-0.036228,1.625589,-1.709594
38.137000,-0.036595,1.622924,-1.706238
38.150000,-0.036870,1.620885,-1.703672
38.166000,-0.037200,1.618376,-1.700514
38.182000,-0.037523,1.615865,-1.697356
38.199000,-0.037858,1.613195,-1.694002
38.216000,-0.038183,1.610525,-1.690648
38.229000,-0.038426,1.608483,-1.688084
38.246000,-0.038735,1.605811,-1.684731
38.260000,-0.038984,1.603609,-1.681971
38.277000,-0.039277,1.600936,-1.678619
38.291000,-0.039512,1.598733,-1.675859
38.308000,-0.039789,1.596057,-1.672508
38.322000,-0.040013,1.593828,-1.669824
38.339000,-0.040276,1.591125,-1.666806
38.353000,-0.040487,1.588912,-1.664511
38.370000,-0.040735,1.586228,-1.661782
38.386000,-0.040961,1.583701,-1.659213
38.392000,-0.041045,1.582753,-1.658250
38.409000,-0.041276,1.580068,-1.655522
38.423000,-0.041461,1.577855,-1.653275
38.439000,-0.041666,1.575327,-1.650708
38.455000,-0.041865,1.572798,-1.648141
38.465000,-0.041985,1.571217,-1.646537
38.482000,-0.042185,1.568528,-1.643810
38.493000,-0.042311,1.566789,-1.642046
38.510000,-0.042498,1.564100,-1.639320
38.521000,-0.042616,1.562360,-1.637556
38.538000,-0.042791,1.559670,-1.634831
38.549000,-0.042901,1.557929,-1.633068
38.565000,-0.043055,1.555397,-1.630503
38.582000,-0.043212,1.552706,-1.627779
38.598000,-0.043352,1.550173,-1.625215
38.613000,-0.043478,1.547798,-1.622811
38.625000,-0.043575,1.545897,-1.620889
38.642000,-0.043707,1.543177,-1.618275
38.654000,-0.043796,1.541261,-1.616582
38.671000,-0.043917,1.538560,-1.614376
38.682000,-0.043991,1.536814,-1.612976
38.699000,-0.044102,1.534116,-1.610813
38.707000,-0.044152,1.532846,-1.609795
38.726000,-0.044265,1.529830,-1.607378
38.735000,-0.044316,1.528401,-1.606234
38.753000,-0.044414,1.525543,-1.603944
38.768000,-0.044490,1.523162,-1.602036
38.786000,-0.044576,1.520303,-1.599747
38.797000,-0.044625,1.518557,-1.598349
38.812000,-0.044688,1.516175,-1.596441
38.828000,-0.044750,1.513634,-1.594407
38.844000,-0.044807,1.511093,-1.592373
38.860000,-0.044859,1.508551,-1.590340
38.877000,-0.044908,1.505851,-1.588179
38.890000,-0.044942,1.503786,-1.586527
38.907000,-0.044981,1.501086,-1.584367
38.921000,-0.045009,1.498862,-1.582588
38.930000,-0.045025,1.497432,-1.581445
38.947000,-0.045050,1.494732,-1.579285
38.956000,-0.045061,1.493292,-1.578161
38.973000,-0.045078,1.490567,-1.576221
38.983000,-0.045086,1.488973,-1.575193
38.999000,-0.045094,1.486427,-1.573630
39.008000,-0.045098,1.484994,-1.572751
39.025000,-0.045100,1.482289,-1.571091
39.039000,-0.045099,1.480062,-1.569724
39.054000,-0.045095,1.477675,-1.568260
39.070000,-0.045086,1.475129,-1.566698
39.086000,-0.045073,1.472583,-1.565136
39.102000,-0.045056,1.470037,-1.563574
39.111000,-0.045045,1.468605,-1.562696
39.128000,-0.045021,1.465900,-1.561036
39.139000,-0.045002,1.464150,-1.559963
39.156000,-0.044970,1.461445,-1.558304
39.168000,-0.044945,1.459535,-1.557133
39.186000,-0.044903,1.456671,-1.555377
39.194000,-0.044883,1.455399,-1.554596
39.212000,-0.044834,1.452535,-1.552840
39.227000,-0.044789,1.450148,-1.551377
39.245000,-0.044730,1.447285,-1.549621
39.263000,-0.044667,1.444421,-1.547866
39.280000,-0.044602,1.441700,-1.546267
39.297000,-0.044533,1.438982,-1.544904
39.308000,-0.044486,1.437230,-1.544112
39.325000,-0.044412,1.434522,-1.542890
39.333000,-0.044376,1.433248,-1.542315
39.351000,-0.044292,1.430381,-1.541020
39.363000,-0.044234,1.428469,-1.540158
39.379000,-0.044154,1.425921,-1.539007
39.395000,-0.044072,1.423372,-1.537857
39.411000,-0.043986,1.420824,-1.536707
39.428000,-0.043892,1.418117,-1.535485
39.444000,-0.043800,1.415569,-1.534335
39.459000,-0.043711,1.413180,-1.533257
39.470000,-0.043645,1.411428,-1.532467
39.487000,-0.043539,1.408721,-1.531245
39.500000,-0.043456,1.406652,-1.530311
39.516000,-0.043351,1.404104,-1.529161
39.529000,-0.043263,1.402034,-1.528227
39.546000,-0.043146,1.399328,-1.527006
39.560000,-0.043047,1.397099,-1.526000
39.573000,-0.042953,1.395017,-1.525116
39.590000,-0.042827,1.392302,-1.524176
39.602000,-0.042737,1.390389,-1.523572
39.618000,-0.042615,1.387839,-1.522766
39.632000,-0.042507,1.385608,-1.522062
39.649000,-0.042374,1.382899,-1.521206
39.661000,-0.042278,1.380987,-1.520602
39.678000,-0.042141,1.378278,-1.519746
39.689000,-0.042050,1.376525,-1.519193
39.706000,-0.041909,1.373817,-1.518337
39.718000,-0.041808,1.371905,-1.517733
39.736000,-0.041654,1.369037,-1.516828
39.749000,-0.041542,1.366966,-1.516173
39.763000,-0.041419,1.364736,-1.515469
39.780000,-0.041267,1.362028,-1.514614
39.789000,-0.041186,1.360594,-1.514161
39.807000,-0.041022,1.357727,-1.513255
39.823000,-0.040874,1.355178,-1.512450
39.841000,-0.040705,1.352312,-1.511545
39.854000,-0.040581,1.350241,-1.510891
39.872000,-0.040408,1.347374,-1.509986
39.883000,-0.040300,1.345613,-1.509474
39.900000,-0.040133,1.342900,-1.508874
39.917000,-0.039964,1.340190,-1.508325
39.931000,-0.039823,1.337959,-1.507873
39.947000,-0.039662,1.335408,-1.507356
39.959000,-0.039540,1.333496,-1.506969
39.977000,-0.039356,1.330627,-1.506388
39.993000,-0.039190,1.328077,-1.505871
40.009000,-0.039024,1.325527,-1.505354
40.025000,-0.038856,1.322977,-1.504838
40.038000,-0.038719,1.320905,-1.504418
40.055000,-0.038538,1.318196,-1.503869
40.068000,-0.038398,1.316125,-1.503449
40.083000,-0.038236,1.313735,-1.502965
40.100000,-0.038051,1.311026,-1.502416
40.115000,-0.037887,1.308636,-1.501932
40.132000,-0.037699,1.305927,-1.501383
40.148000,-0.037521,1.303378,-1.500867
40.161000,-0.037376,1.301307,-1.500447
40.178000,-0.037184,1.298599,-1.499899
40.193000,-0.037013,1.296209,-1.499414
40.210000,-0.036818,1.293491,-1.498975
40.226000,-0.036634,1.290941,-1.498696
40.239000,-0.036484,1.288868,-1.498470
40.256000,-0.036288,1.286158,-1.498175
40.268000,-0.036148,1.284245,-1.497966
40.285000,-0.035950,1.281535,-1.497670
40.300000,-0.035774,1.279143,-1.497410
40.313000,-0.035622,1.277071,-1.497184
40.331000,-0.035409,1.274202,-1.496871
40.346000,-0.035232,1.271811,-1.496610
40.359000,-0.035078,1.269738,-1.496384
40.377000,-0.034863,1.266869,-1.496071
40.393000,-0.034672,1.264319,-1.495793
40.405000,-0.034528,1.262406,-1.495584
40.422000,-0.034323,1.259697,-1.495289
40.438000,-0.034130,1.257146,-1.495011
40.452000,-0.033960,1.254915,-1.494767
40.469000,-0.033753,1.252205,-1.494472
40.485000,-0.033558,1.249655,-1.494194
40.499000,-0.033386,1.247424,-1.493951
40.515000,-0.033189,1.244868,-1.493767
40.532000,-0.032980,1.242157,-1.493674
40.547000,-0.032795,1.239765,-1.493591
40.562000,-0.032609,1.237373,-1.493508
40.579000,-0.032399,1.234662,-1.493415
40.596000,-0.032189,1.231951,-1.493321
40.606000,-0.032065,1.230356,-1.493266
40.623000,-0.031854,1.227645,-1.493172
40.640000,-0.031643,1.224934,-1.493078
40.653000,-0.031482,1.222861,-1.493007
40.668000,-0.031295,1.220469,-1.492924
40.684000,-0.031096,1.217918,-1.492836
40.701000,-0.030884,1.215207,-1.492742
40.717000,-0.030684,1.212655,-1.492654
40.729000,-0.030534,1.210742,-1.492588
40.745000,-0.030334,1.208190,-1.492500
40.763000,-0.030109,1.205320,-1.492401
40.778000,-0.029921,1.202928,-1.492318
40.791000,-0.029758,1.200855,-1.492246
40.808000,-0.029544,1.198144,-1.492153
40.825000,-0.029330,1.195429,-1.492165
40.840000,-0.029142,1.193036,-1.492220
40.856000,-0.028941,1.190484,-1.492279
40.872000,-0.028740,1.187931,-1.492339
40.888000,-0.028539,1.185378,-1.492398
40.906000,-0.028314,1.182507,-1.492465
40.923000,-0.028101,1.179794,-1.492528
40.935000,-0.027951,1.177880,-1.492572
40.952000,-0.027738,1.175168,-1.492635
40.968000,-0.027538,1.172615,-1.492695
40.985000,-0.027326,1.169903,-1.492758
41.001000,-0.027127,1.167350,-1.492817
41.013000,-0.026977,1.165435,-1.492862
41.030000,-0.026765,1.162723,-1.492925
41.047000,-0.026554,1.160011,-1.492988
41.064000,-0.026342,1.157298,-1.493051
41.079000,-0.026156,1.154905,-1.493106
41.092000,-0.025994,1.152831,-1.493155
41.109000,-0.025784,1.150119,-1.493218
41.126000,-0.025573,1.147406,-1.493281
41.143000,-0.025362,1.144691,-1.493425
41.160000,-0.025152,1.141978,-1.493607
41.170000,-0.025029,1.140382,-1.493713
41.187000,-0.024819,1.137668,-1.493895
41.204000,-0.024610,1.134954,-1.494076
41.221000,-0.024402,1.132241,-1.494258
41.237000,-0.024206,1.129687,-1.494429
41.252000,-0.024023,1.127292,-1.494589
41.269000,-0.023816,1.124578,-1.494771
41.285000,-0.023622,1.122024,-1.494942
41.300000,-0.023440,1.119630,-1.495102
41.315000,-0.023259,1.117235,-1.495262
41.332000,-0.023054,1.114521,-1.495444
41.349000,-0.022849,1.111807,-1.495625
41.367000,-0.022633,1.108934,-1.495818
41.384000,-0.022429,1.106220,-1.495999
41.396000,-0.022286,1.104304,-1.496127
41.414000,-0.022071,1.101430,-1.496320
41.431000,-0.021869,1.098716,-1.496501
41.443000,-0.021727,1.096799,-1.496673
41.456000,-0.021573,1.094723,-1.496876
41.474000,-0.021360,1.091848,-1.497158
41.490000,-0.021172,1.089293,-1.497408
41.508000,-0.020961,1.086418,-1.497689
41.523000,-0.020786,1.084022,-1.497924
41.537000,-0.020623,1.081786,-1.498143
41.554000,-0.020426,1.079071,-1.498409
41.571000,-0.020229,1.076356,-1.498675
41.588000,-0.020033,1.073640,-1.498941
41.600000,-0.019896,1.071724,-1.499128
41.616000,-0.019713,1.069168,-1.499379
41.633000,-0.019519,1.066453,-1.499644
41.651000,-0.019314,1.063577,-1.499926
41.666000,-0.019144,1.061181,-1.500161
41.682000,-0.018964,1.058625,-1.500411
41.698000,-0.018784,1.056069,-1.500661
41.714000,-0.018605,1.053513,-1.500911
41.728000,-0.018449,1.051277,-1.501130
41.746000,-0.018248,1.048401,-1.501412
41.763000,-0.018060,1.045685,-1.501723
41.775000,-0.017928,1.043767,-1.501950
41.793000,-0.017730,1.040891,-1.502292
41.809000,-0.017555,1.038334,-1.502595
41.825000,-0.017381,1.035777,-1.502898
41.836000,-0.017261,1.034020,-1.503107
41.853000,-0.017078,1.031303,-1.503429
41.870000,-0.016895,1.028586,-1.503751
41.887000,-0.016713,1.025869,-1.504073
41.898000,-0.016596,1.024111,-1.504282
41.914000,-0.016426,1.021554,-1.504585
41.931000,-0.016246,1.018837,-1.504907
41.947000,-0.016078,1.016280,-1.505211
41.962000,-0.015921,1.013883,-1.505495
41.979000,-0.015743,1.011166,-1.505817
41.996000,-0.015567,1.008448,-1.506139
42.011000,-0.015412,1.006051,-1.506424
42.019000,-0.015330,1.004772,-1.506575
42.036000,-0.015156,1.002055,-1.506898
42.053000,-0.014982,0.999338,-1.507220
42.068000,-0.014830,0.996939,-1.507530
42.079000,-0.014719,0.995181,-1.507760
42.096000,-0.014548,0.992463,-1.508115
42.113000,-0.014378,0.989745,-1.508470
42.129000,-0.014219,0.987187,-1.508804
42.143000,-0.014080,0.984949,-1.509096
42.160000,-0.013913,0.982231,-1.509451
42.177000,-0.013746,0.979513,-1.509806
42.194000,-0.013581,0.976795,-1.510161
42.206000,-0.013465,0.974876,-1.510412
42.223000,-0.013301,0.972158,-1.510767
42.240000,-0.013138,0.969439,-1.511122
42.256000,-0.012985,0.966881,-1.511456
42.270000,-0.012853,0.964642,-1.511748
42.286000,-0.012702,0.962084,-1.512083
42.304000,-0.012533,0.959205,-1.512458
42.319000,-0.012394,0.956806,-1.512772
42.331000,-0.012283,0.954887,-1.513022
42.348000,-0.012126,0.952169,-1.513377
42.365000,-0.011970,0.949450,-1.513733
42.381000,-0.011824,0.946891,-1.514078
42.393000,-0.011716,0.944972,-1.514339
42.409000,-0.011572,0.942413,-1.514686
42.425000,-0.011428,0.939854,-1.515033
42.441000,-0.011286,0.937294,-1.515380
42.459000,-0.011127,0.934415,-1.515771
42.476000,-0.010978,0.931696,-1.516140
42.491000,-0.010847,0.929297,-1.516466
42.509000,-0.010691,0.926417,-1.516856
42.525000,-0.010553,0.923858,-1.517204
42.537000,-0.010450,0.921938,-1.517464
42.554000,-0.010306,0.919219,-1.517833
42.571000,-0.010162,0.916499,-1.518202
42.587000,-0.010028,0.913940,-1.518549
42.602000,-0.009903,0.911540,-1.518875
42.619000,-0.009762,0.908820,-1.519244
42.636000,-0.009622,0.906101,-1.519613
42.654000,-0.009475,0.903221,-1.520004
42.670000,-0.009346,0.900661,-1.520351
42.680000,-0.009265,0.899061,-1.520568
42.698000,-0.009121,0.896181,-1.520958
42.715000,-0.008986,0.893461,-1.521326
42.731000,-0.008860,0.890901,-1.521673
42.747000,-0.008734,0.888341,-1.522019
42.764000,-0.008602,0.885621,-1.522387
42.780000,-0.008479,0.883061,-1.522734
42.797000,-0.008348,0.880341,-1.523102
42.813000,-0.008227,0.877781,-1.523449
42.825000,-0.008136,0.875861,-1.523708
42.842000,-0.008008,0.873140,-1.524077
42.859000,-0.007882,0.870420,-1.524445
42.876000,-0.007756,0.867699,-1.524813
42.890000,-0.007653,0.865459,-1.525116
42.900000,-0.007580,0.863859,-1.525333
42.917000,-0.007457,0.861138,-1.525701
42.933000,-0.007342,0.858578,-1.526047
42.950000,-0.007221,0.855857,-1.526416
42.965000,-0.007115,0.853457,-1.526741
42.976000,-0.007037,0.851696,-1.526979
42.994000,-0.006912,0.848815,-1.527369
43.009000,-0.006808,0.846415,-1.527683
43.027000,-0.006684,0.843534,-1.528060
43.043000,-0.006575,0.840973,-1.528395
43.058000,-0.006473,0.838573,-1.528709
43.075000,-0.006359,0.835852,-1.529065
43.092000,-0.006246,0.833131,-1.529421
43.109000,-0.006134,0.830410,-1.529777
43.125000,-0.006030,0.827849,-1.530112
43.139000,-0.005939,0.825609,-1.530405
43.156000,-0.005829,0.822888,-1.530761
43.173000,-0.005721,0.820167,-1.531117
43.190000,-0.005613,0.817445,-1.531473
43.207000,-0.005507,0.814724,-1.531829
43.216000,-0.005451,0.813284,-1.532017
43.233000,-0.005346,0.810563,-1.532373
43.250000,-0.005242,0.807841,-1.532729
43.267000,-0.005139,0.805120,-1.533085
43.282000,-0.005048,0.802719,-1.533399
43.295000,-0.004971,0.800638,-1.533672
43.312000,-0.004870,0.797917,-1.534028
43.328000,-0.004777,0.795356,-1.534345
43.347000,-0.004666,0.792314,-1.534719
43.363000,-0.004574,0.789753,-1.535035
43.380000,-0.004477,0.787032,-1.535370
43.397000,-0.004381,0.784310,-1.535706
43.412000,-0.004298,0.781909,-1.536001
43.429000,-0.004203,0.779188,-1.536337
43.446000,-0.004110,0.776466,-1.536672
43.459000,-0.004039,0.774385,-1.536928
43.477000,-0.003942,0.771504,-1.537283
43.494000,-0.003851,0.768782,-1.537619
43.510000,-0.003767,0.766221,-1.537934
43.524000,-0.003694,0.763980,-1.538210
43.541000,-0.003605,0.761258,-1.538546
43.557000,-0.003523,0.758696,-1.538861
43.573000,-0.003442,0.756135,-1.539177
43.592000,-0.003346,0.753093,-1.539552
43.610000,-0.003257,0.750211,-1.539907
43.627000,-0.003173,0.747490,-1.540242
43.641000,-0.003105,0.745248,-1.540500
43.657000,-0.003028,0.742687,-1.540791
43.674000,-0.002946,0.739965,-1.541100
43.692000,-0.002861,0.737084,-1.541427
43.707000,-0.002791,0.734682,-1.541699
43.721000,-0.002726,0.732441,-1.541954
43.739000,-0.002644,0.729559,-1.542281
43.754000,-0.002575,0.727158,-1.542553
43.768000,-0.002512,0.724916,-1.542808
43.781000,-0.002454,0.722835,-1.543044
43.798000,-0.002379,0.720113,-1.543353
43.811000,-0.002323,0.718032,-1.543589
43.827000,-0.002253,0.715470,-1.543879
43.844000,-0.002180,0.712748,-1.544188
43.859000,-0.002117,0.710347,-1.544461
43.875000,-0.002050,0.707785,-1.544752
43.893000,-0.001975,0.704903,-1.545079
43.909000,-0.001910,0.702341,-1.545369
43.922000,-0.001857,0.700260,-1.545606
43.939000,-0.001789,0.697538,-1.545914
43.956000,-0.001722,0.694816,-1.546196
43.973000,-0.001655,0.692095,-1.546475
43.988000,-0.001597,0.689693,-1.546721
44.003000,-0.001539,0.687292,-1.546967
44.020000,-0.001475,0.684570,-1.547246
44.036000,-0.001415,0.682008,-1.547508
44.050000,-0.001363,0.679767,-1.547738
44.065000,-0.001308,0.677365,-1.547984
44.082000,-0.001246,0.674643,-1.548263
44.099000,-0.001185,0.671922,-1.548542
44.116000,-0.001125,0.669200,-1.548821
44.130000,-0.001076,0.666958,-1.549050
44.144000,-0.001028,0.664717,-1.549280
44.162000,-0.000966,0.661835,-1.549575
44.179000,-0.000909,0.659113,-1.549854
44.196000,-0.000852,0.656391,-1.550133
44.210000,-0.000806,0.654149,-1.550363
44.224000,-0.000761,0.651908,-1.550592
44.241000,-0.000706,0.649186,-1.550871
44.258000,-0.000652,0.646464,-1.551122
44.275000,-0.000599,0.643742,-1.551369
44.292000,-0.000547,0.641021,-1.551616
44.307000,-0.000501,0.638619,-1.551835
44.321000,-0.000458,0.636378,-1.552038
44.338000,-0.000408,0.633656,-1.552286
44.354000,-0.000361,0.631094,-1.552519
44.371000,-0.000311,0.628373,-1.552766
44.387000,-0.000265,0.625811,-1.552999
44.402000,-0.000223,0.623409,-1.553217
44.417000,-0.000181,0.621008,-1.553435
44.434000,-0.000134,0.618286,-1.553683
44.450000,-0.000091,0.615724,-1.553916
44.463000,-0.000056,0.613643,-1.554105
44.477000,-0.000018,0.611401,-1.554309
44.494000,0.000026,0.608679,-1.554556
44.511000,0.000070,0.605958,-1.554803
44.527000,0.000111,0.603396,-1.555036
44.544000,0.000153,0.600674,-1.555284
44.560000,0.000192,0.598112,-1.555516
44.572000,0.000222,0.596191,-1.555673
44.589000,0.000263,0.593469,-1.555889
44.606000,0.000303,0.590748,-1.556104
44.622000,0.000340,0.588186,-1.556307
44.638000,0.000377,0.585625,-1.556509
44.650000,0.000404,0.583703,-1.556661
44.667000,0.000442,0.580982,-1.556877
44.684000,0.000480,0.578260,-1.557092
44.700000,0.000515,0.575699,-1.557295
44.714000,0.000545,0.573457,-1.557472
44.727000,0.000572,0.571376,-1.557637
44.745000,0.000610,0.568494,-1.557865
44.762000,0.000645,0.565772,-1.558080
44.779000,0.000679,0.563051,-1.558295
44.796000,0.000713,0.560329,-1.558511
44.812000,0.000744,0.557767,-1.558713
44.829000,0.000777,0.555046,-1.558929
44.846000,0.000809,0.552324,-1.559144
44.863000,0.000840,0.549602,-1.559360
44.880000,0.000871,0.546881,-1.559549
44.895000,0.000898,0.544479,-1.559711
44.911000,0.000926,0.541918,-1.559885
44.928000,0.000955,0.539196,-1.560069
44.945000,0.000984,0.536475,-1.560253
44.962000,0.001013,0.533753,-1.560437
44.976000,0.001036,0.531512,-1.560589
44.992000,0.001062,0.528951,-1.560762
45.009000,0.001089,0.526229,-1.560947
45.026000,0.001115,0.523508,-1.561131
45.043000,0.001141,0.520786,-1.561315
45.060000,0.001167,0.518065,-1.561499
45.075000,0.001189,0.515663,-1.561662
45.092000,0.001214,0.512942,-1.561846
45.109000,0.001238,0.510220,-1.562031
45.125000,0.001260,0.507659,-1.562204
45.141000,0.001282,0.505097,-1.562377
45.152000,0.001296,0.503336,-1.562497
45.169000,0.001319,0.500615,-1.562681
45.186000,0.001341,0.497893,-1.562865
45.202000,0.001361,0.495332,-1.563013
45.219000,0.001382,0.492611,-1.563168
45.235000,0.001401,0.490049,-1.563313
45.250000,0.001419,0.487648,-1.563449
45.267000,0.001439,0.484927,-1.563604
45.283000,0.001457,0.482366,-1.563749
45.300000,0.001476,0.479644,-1.563904
45.316000,0.001493,0.477083,-1.564049
45.328000,0.001506,0.475162,-1.564158
45.345000,0.001524,0.472441,-1.564313
45.362000,0.001541,0.469720,-1.564467
45.378000,0.001557,0.467158,-1.564612
45.394000,0.001573,0.464597,-1.564758
45.405000,0.001584,0.462836,-1.564858
45.422000,0.001600,0.460115,-1.565012
45.439000,0.001615,0.457393,-1.565167
45.455000,0.001629,0.454832,-1.565312
45.471000,0.001643,0.452271,-1.565457
45.488000,0.001657,0.449550,-1.565612
45.505000,0.001671,0.446828,-1.565745
45.522000,0.001685,0.444107,-1.565872
45.539000,0.001698,0.441386,-1.565999
45.554000,0.001710,0.438985,-1.566111
45.570000,0.001721,0.436424,-1.566230
45.586000,0.001733,0.433863,-1.566350
45.603000,0.001745,0.431142,-1.566477
45.619000,0.001756,0.428581,-1.566596
45.634000,0.001766,0.426180,-1.566708
45.650000,0.001776,0.423619,-1.566828
45.667000,0.001787,0.420898,-1.566955
45.684000,0.001797,0.418177,-1.567082
45.701000,0.001807,0.415456,-1.567209
45.716000,0.001815,0.413055,-1.567321
45.733000,0.001825,0.410334,-1.567448
45.748000,0.001833,0.407933,-1.567560
45.764000,0.001841,0.405371,-1.567679
45.781000,0.001849,0.402650,-1.567806
45.797000,0.001856,0.400089,-1.567926
45.812000,0.001863,0.397688,-1.568038
45.830000,0.001871,0.394807,-1.568149
45.847000,0.001878,0.392086,-1.568251
45.863000,0.001885,0.389526,-1.568347
45.877000,0.001890,0.387285,-1.568431
45.893000,0.001896,0.384724,-1.568527
45.909000,0.001902,0.382163,-1.568622
45.925000,0.001907,0.379602,-1.568718
45.941000,0.001912,0.377041,-1.568814
45.958000,0.001917,0.374321,-1.568916
45.975000,0.001922,0.371600,-1.569017
45.992000,0.001927,0.368879,-1.569119
46.009000,0.001932,0.366158,-1.569221
46.027000,0.001936,0.363277,-1.569329
46.043000,0.001940,0.360716,-1.569425
46.059000,0.001943,0.358155,-1.569520
46.072000,0.001946,0.356074,-1.569598
46.090000,0.001949,0.353193,-1.569706
46.107000,0.001952,0.350473,-1.569808
46.124000,0.001954,0.347752,-1.569909
46.136000,0.001956,0.345831,-1.569981
46.153000,0.001958,0.343110,-1.570083
46.170000,0.001960,0.340389,-1.570185
46.185000,0.001961,0.337988,-1.570275
46.199000,0.001962,0.335748,-1.570359
46.214000,0.001963,0.333347,-1.570448
46.230000,0.001964,0.330786,-1.570544
46.246000,0.001965,0.328225,-1.570640
46.259000,0.001965,0.326144,-1.570718
46.277000,0.001965,0.323263,-1.570826
46.293000,0.001965,0.320703,-1.570921
46.309000,0.001964,0.318142,-1.571017
46.322000,0.001964,0.316061,-1.571095
46.340000,0.001963,0.313180,-1.571203
46.357000,0.001961,0.310459,-1.571305
46.373000,0.001960,0.307898,-1.571400
46.386000,0.001959,0.305818,-1.571478
46.402000,0.001957,0.303257,-1.571574
46.419000,0.001955,0.300536,-1.571676
46.435000,0.001952,0.297975,-1.571772
46.452000,0.001949,0.295254,-1.571873
46.466000,0.001947,0.293013,-1.571957
46.483000,0.001944,0.290292,-1.572059
46.502000,0.001940,0.287251,-1.572173
46.515000,0.001937,0.285171,-1.572251
46.526000,0.001934,0.283410,-1.572317
46.544000,0.001930,0.280529,-1.572424
46.561000,0.001925,0.277808,-1.572526
46.576000,0.001921,0.275407,-1.572616
46.591000,0.001916,0.273007,-1.572706
46.609000,0.001911,0.270126,-1.572814
46.626000,0.001905,0.267405,-1.572915
46.642000,0.001899,0.264844,-1.573011
46.658000,0.001894,0.262283,-1.573107
46.676000,0.001887,0.259402,-1.573215
46.693000,0.001880,0.256681,-1.573317
46.710000,0.001873,0.253960,-1.573419
46.727000,0.001866,0.251239,-1.573520
46.738000,0.001861,0.249479,-1.573586
46.755000,0.001853,0.246758,-1.573688
46.771000,0.001846,0.244197,-1.573784
46.785000,0.001839,0.241956,-1.573868
46.798000,0.001833,0.239876,-1.573946
46.812000,0.001825,0.237635,-1.574029
46.826000,0.001818,0.235394,-1.574113
46.843000,0.001809,0.232673,-1.574215
46.859000,0.001800,0.230112,-1.574311
46.872000,0.001793,0.228032,-1.574389
46.890000,0.001782,0.225151,-1.574497
46.907000,0.001772,0.222430,-1.574598
46.923000,0.001762,0.219869,-1.574694
46.937000,0.001753,0.217628,-1.574778
46.954000,0.001742,0.214907,-1.574880
46.968000,0.001733,0.212667,-1.574964
46.985000,0.001722,0.209946,-1.575066
47.000000,0.001711,0.207545,-1.575156
47.014000,0.001701,0.205304,-1.575239
47.030000,0.001690,0.202743,-1.575335
47.047000,0.001677,0.200022,-1.575437
47.063000,0.001665,0.197462,-1.575533
47.076000,0.001655,0.195381,-1.575611
47.093000,0.001642,0.192660,-1.575713
47.109000,0.001629,0.190099,-1.575809
47.123000,0.001618,0.187859,-1.575892
47.134000,0.001609,0.186098,-1.575958
47.153000,0.001593,0.183057,-1.576072
47.167000,0.001581,0.180816,-1.576156
47.181000,0.001569,0.178576,-1.576240
47.194000,0.001558,0.176495,-1.576318
47.211000,0.001543,0.173774,-1.576420
47.228000,0.001527,0.171053,-1.576522
47.244000,0.001513,0.168492,-1.576617
47.258000,0.001499,0.166252,-1.576701
47.275000,0.001483,0.163531,-1.576803
47.292000,0.001467,0.160810,-1.576905
47.307000,0.001452,0.158409,-1.576995
47.321000,0.001438,0.156168,-1.577079
47.338000,0.001421,0.153448,-1.577181
47.353000,0.001405,0.151047,-1.577271
47.370000,0.001388,0.148326,-1.577373
47.386000,0.001371,0.145765,-1.577468
47.404000,0.001351,0.142884,-1.577576
47.420000,0.001334,0.140323,-1.577672
47.437000,0.001315,0.137603,-1.577774
47.450000,0.001300,0.135522,-1.577852
47.468000,0.001280,0.132641,-1.577960
47.485000,0.001260,0.129920,-1.578062
47.499000,0.001244,0.127679,-1.578146
47.512000,0.001228,0.125599,-1.578224
47.529000,0.001208,0.122878,-1.578326
47.545000,0.001205,0.121210,-1.578421
47.560000,0.001205,0.121170,-1.578451
47.573000,0.001205,0.121170,-1.578451
47.590000,0.001205,0.121171,-1.578451
47.607000,0.001203,0.120911,-1.578451
47.620000,0.001203,0.120903,-1.578451
47.633000,0.001203,0.120903,-1.578451
47.650000,0.001203,0.120903,-1.578451
47.667000,0.001203,0.120896,-1.578451
47.683000,0.001203,0.120877,-1.578451
47.694000,0.001203,0.120877,-1.578451
47.711000,0.001203,0.120877,-1.578451
47.728000,0.001203,0.120878,-1.578451
47.742000,0.001203,0.120878,-1.578451
47.755000,0.001203,0.120878,-1.578451
47.772000,0.001203,0.120878,-1.578451
47.788000,0.001203,0.120879,-1.578451
47.801000,0.001203,0.120880,-1.578451
47.813000,0.001203,0.120880,-1.578451
47.830000,0.001203,0.120880,-1.578451
47.846000,0.001203,0.120882,-1.578451
47.860000,0.001203,0.120882,-1.578451
47.873000,0.001203,0.120883,-1.578451
47.890000,0.001203,0.120883,-1.578451
47.906000,0.001203,0.120883,-1.578451
47.921000,0.001203,0.120883,-1.578451
47.936000,0.001203,0.120883,-1.578451
47.948000,0.001203,0.120883,-1.578451
47.965000,0.001203,0.120883,-1.578451
47.982000,0.001203,0.120883,-1.578451
47.999000,0.001203,0.120883,-1.578451
48.011000,0.001203,0.120883,-1.578451
48.029000,0.001203,0.120883,-1.578451
48.046000,0.001203,0.120883,-1.578451
48.061000,0.001203,0.120883,-1.578451
48.079000,0.001203,0.120883,-1.578451
48.096000,0.001203,0.120883,-1.578451
48.112000,0.001203,0.120883,-1.578451
48.125000,0.001203,0.120883,-1.578451
48.141000,0.001203,0.120883,-1.578451
48.157000,0.001203,0.120883,-1.578451
48.174000,0.001203,0.120883,-1.578451
48.190000,0.001203,0.120883,-1.578451
48.201000,0.001203,0.120883,-1.578451
48.217000,0.001203,0.120883,-1.578451
48.234000,0.001203,0.120883,-1.578451
48.250000,0.001203,0.120883,-1.578451
48.267000,0.001203,0.120883,-1.578451
48.284000,0.001203,0.120883,-1.578451
48.298000,0.001203,0.120883,-1.578451
48.311000,0.001203,0.120883,-1.578451
48.329000,0.001203,0.120883,-1.578451
48.345000,0.001203,0.120883,-1.578451
48.362000,0.001203,0.120883,-1.578451
48.376000,0.001203,0.120883,-1.578451
48.394000,0.001203,0.120883,-1.578451
48.411000,0.001203,0.120883,-1.578451
48.425000,0.001203,0.120883,-1.578451
48.441000,0.001203,0.120883,-1.578451
48.457000,0.001203,0.120883,-1.578451
48.473000,0.001203,0.120883,-1.578451
48.490000,0.001203,0.120883,-1.578451
48.504000,0.001203,0.120883,-1.578451
48.521000,0.001203,0.120883,-1.578451
48.537000,0.001203,0.120883,-1.578451
48.552000,0.001203,0.120883,-1.578451
48.567000,0.001203,0.120883,-1.578451
48.582000,0.001203,0.120883,-1.578451
48.599000,0.001203,0.120883,-1.578451
48.614000,0.001203,0.120883,-1.578451
48.632000,0.001203,0.120883,-1.578451
48.649000,0.001203,0.120883,-1.578451
48.664000,0.001203,0.120883,-1.578451
48.681000,0.001203,0.120883,-1.578451
48.695000,0.001203,0.120883,-1.578451
48.712000,0.001203,0.120883,-1.578451
48.729000,0.001203,0.120883,-1.578451
48.745000,0.001203,0.120883,-1.578451
48.757000,0.001203,0.120883,-1.578451
48.774000,0.001203,0.120883,-1.578451
48.789000,0.001203,0.120883,-1.578451
48.806000,0.001203,0.120883,-1.578451
48.819000,0.001203,0.120883,-1.578451
48.831000,0.001203,0.120883,-1.578451
48.847000,0.001203,0.120883,-1.578451
48.864000,0.001203,0.120883,-1.578451
48.879000,0.001203,0.120883,-1.578451
48.890000,0.001203,0.120883,-1.578451
48.906000,0.001203,0.120883,-1.578451
48.923000,0.001203,0.120883,-1.578451
48.938000,0.001203,0.120883,-1.578451
48.949000,0.001203,0.120883,-1.578451
48.967000,0.001203,0.120883,-1.578451
48.984000,0.001203,0.120883,-1.578451
49.001000,0.001203,0.120883,-1.578451
49.017000,0.001203,0.120883,-1.578451
49.034000,0.001203,0.120883,-1.578451
49.049000,0.001203,0.120883,-1.578451
49.066000,0.001203,0.120883,-1.578451
49.078000,0.001203,0.120883,-1.578451
49.094000,0.001203,0.120883,-1.578451
49.110000,0.001203,0.120883,-1.578451
49.127000,0.001203,0.120883,-1.578451
49.141000,0.001203,0.120883,-1.578451
49.153000,0.001203,0.120883,-1.578451
49.169000,0.001203,0.120883,-1.578451
49.186000,0.001203,0.120883,-1.578451
49.202000,0.001203,0.120883,-1.578451
49.216000,0.001203,0.120883,-1.578451
49.233000,0.001203,0.120883,-1.578451
49.250000,0.001203,0.120883,-1.578451
49.266000,0.001203,0.120883,-1.578451
49.277000,0.001203,0.120883,-1.578451
49.294000,0.001203,0.120883,-1.578451
49.310000,0.001203,0.120883,-1.578451
49.325000,0.001203,0.120883,-1.578451
49.339000,0.001203,0.120883,-1.578451
49.356000,0.001203,0.120883,-1.578451
49.372000,0.001203,0.120883,-1.578451
49.389000,0.001203,0.120883,-1.578451
49.406000,0.001203,0.120883,-1.578451
49.420000,0.001203,0.120883,-1.578451
49.435000,0.001203,0.120883,-1.578451
49.452000,0.001203,0.120883,-1.578451
49.466000,0.001203,0.120883,-1.578451
49.481000,0.001203,0.120883,-1.578451
49.497000,0.001203,0.120883,-1.578451
49.514000,0.001203,0.120883,-1.578451
49.528000,0.001203,0.120883,-1.578451
49.538000,0.001203,0.120883,-1.578451
49.555000,0.001203,0.120883,-1.578451
49.572000,0.001203,0.120883,-1.578451
49.587000,0.001203,0.120883,-1.578451
49.601000,0.001203,0.120883,-1.578451
49.617000,0.001203,0.120883,-1.578451
49.633000,0.001203,0.120883,-1.578451
49.650000,0.001203,0.120883,-1.578451
49.665000,0.001203,0.120883,-1.578451
49.677000,0.001203,0.120883,-1.578451
49.694000,0.001203,0.120883,-1.578451
49.711000,0.001203,0.120883,-1.578451
49.727000,0.001203,0.120883,-1.578451
49.741000,0.001203,0.120883,-1.578451
49.759000,0.001203,0.120883,-1.578451
49.776000,0.001203,0.120883,-1.578451
49.793000,0.001203,0.120883,-1.578451
49.809000,0.001203,0.120883,-1.578451
49.822000,0.001203,0.120883,-1.578451
49.839000,0.001203,0.120883,-1.578451
49.857000,0.001203,0.120883,-1.578451
49.872000,0.001203,0.120883,-1.578451
49.884000,0.001203,0.120883,-1.578451
49.902000,0.001203,0.120883,-1.578451
49.919000,0.001203,0.120883,-1.578451
49.934000,0.001203,0.120883,-1.578451
49.948000,0.001203,0.120883,-1.578451
49.965000,0.001203,0.120883,-1.578451
49.982000,0.001203,0.120883,-1.578451
49.997000,0.001203,0.120883,-1.578451
50.011000,0.001203,0.120883,-1.578451
50.027000,0.001203,0.120883,-1.578451
50.043000,0.001203,0.120883,-1.578451
50.060000,0.001203,0.120883,-1.578451
50.079000,0.001203,0.120883,-1.578451
50.092000,0.001203,0.120883,-1.578451
50.108000,0.001203,0.120883,-1.578451
50.126000,0.001203,0.120883,-1.578451
50.142000,0.001203,0.120883,-1.578451
50.157000,0.001203,0.120883,-1.578451
50.172000,0.001203,0.120883,-1.578451
50.189000,0.001203,0.120883,-1.578451
50.206000,0.001203,0.120883,-1.578451
50.223000,0.001203,0.120883,-1.578451
50.237000,0.001203,0.120883,-1.578451
50.246000,0.001203,0.120883,-1.578451
50.264000,0.001203,0.120883,-1.578451
50.280000,0.001203,0.120883,-1.578451
50.295000,0.001203,0.120883,-1.578451
50.313000,0.001203,0.120883,-1.578451
50.330000,0.001203,0.120883,-1.578451
50.347000,0.001203,0.120883,-1.578451
50.364000,0.001203,0.120883,-1.578451
50.378000,0.001203,0.120883,-1.578451
50.394000,0.001203,0.120883,-1.578451
50.406000,0.001203,0.120883,-1.578451
50.423000,0.001203,0.120883,-1.578451
50.440000,0.001203,0.120883,-1.578451
50.454000,0.001203,0.120883,-1.578451
50.466000,0.001203,0.120883,-1.578451
50.483000,0.001203,0.120883,-1.578451
50.501000,0.001203,0.120883,-1.578451
50.516000,0.001203,0.120883,-1.578451
50.530000,0.001203,0.120883,-1.578451
50.545000,0.001203,0.120883,-1.578451
50.562000,0.001203,0.120883,-1.578451
50.576000,0.001203,0.120883,-1.578451
50.593000,0.001203,0.120883,-1.578451
50.610000,0.001203,0.120883,-1.578451
50.624000,0.001203,0.120883,-1.578451
50.640000,0.001203,0.120883,-1.578451
50.657000,0.001203,0.120883,-1.578451
50.670000,0.001203,0.120883,-1.578451
50.686000,0.001203,0.120883,-1.578451
50.703000,0.001203,0.120883,-1.578451
50.718000,0.001203,0.120883,-1.578451
50.731000,0.001203,0.120883,-1.578451
50.748000,0.001203,0.120883,-1.578451
50.765000,0.001203,0.120883,-1.578451
50.779000,0.001203,0.120883,-1.578451
50.793000,0.001203,0.120883,-1.578451
50.807000,0.001203,0.120883,-1.578451
50.824000,0.001203,0.120883,-1.578451
50.840000,0.001203,0.120883,-1.578451
50.856000,0.001203,0.120883,-1.578451
50.870000,0.001203,0.120883,-1.578451
50.886000,0.001203,0.120883,-1.578451
50.900000,0.001203,0.120883,-1.578451
50.908000,0.001203,0.120883,-1.578451
50.916000,0.001203,0.120883,-1.578451
50.923000,0.001203,0.120883,-1.578451
50.940000,0.001203,0.120883,-1.578451
50.957000,0.001203,0.120883,-1.578451
50.973000,0.001203,0.120883,-1.578451
50.989000,0.001203,0.120883,-1.578451
51.002000,0.001203,0.120883,-1.578451
51.018000,0.001203,0.120883,-1.578451
51.035000,0.001203,0.120883,-1.578451
51.050000,0.001203,0.120883,-1.578451
51.068000,0.001203,0.120883,-1.578451
51.085000,0.001203,0.120883,-1.578451
51.102000,0.001203,0.120883,-1.578451
51.117000,0.001203,0.120883,-1.578451
51.128000,0.001203,0.120883,-1.578451
51.145000,0.001203,0.120883,-1.578451
51.162000,0.001203,0.120883,-1.578451
51.176000,0.001203,0.120883,-1.578451
51.187000,0.001203,0.120883,-1.578451
51.204000,0.001203,0.120883,-1.578451
51.221000,0.001203,0.120883,-1.578451
51.237000,0.001203,0.120883,-1.578451
51.250000,0.001203,0.120883,-1.578451
51.266000,0.001203,0.120883,-1.578451
51.284000,0.001203,0.120883,-1.578451
51.300000,0.001203,0.120883,-1.578451
51.313000,0.001203,0.120883,-1.578451
51.330000,0.001203,0.120883,-1.578451
51.347000,0.001203,0.120883,-1.578451
51.364000,0.001203,0.120883,-1.578451
51.376000,0.001203,0.120883,-1.578451
51.394000,0.001203,0.120883,-1.578451
51.411000,0.001203,0.120883,-1.578451
51.425000,0.001203,0.120883,-1.578451
51.438000,0.001203,0.120883,-1.578451
51.453000,0.001203,0.120883,-1.578451
51.470000,0.001203,0.120883,-1.578451
51.484000,0.001203,0.120883,-1.578451
51.496000,0.001203,0.120883,-1.578451
51.513000,0.001203,0.120883,-1.578451
51.531000,0.001203,0.120883,-1.578451
51.547000,0.001203,0.120883,-1.578451
51.561000,0.001203,0.120883,-1.578451
51.578000,0.001203,0.120883,-1.578451
51.594000,0.001203,0.120883,-1.578451
51.610000,0.001203,0.120883,-1.578451
51.622000,0.001203,0.120883,-1.578451
51.640000,0.001203,0.120883,-1.578451
51.657000,0.001203,0.120883,-1.578451
51.671000,0.001203,0.120883,-1.578451
51.683000,0.001203,0.120883,-1.578451
51.700000,0.001203,0.120883,-1.578451
51.718000,0.001203,0.120883,-1.578451
51.734000,0.001203,0.120883,-1.578451
51.747000,0.001203,0.120883,-1.578451
51.764000,0.001203,0.120883,-1.578451
51.781000,0.001203,0.120883,-1.578451
51.795000,0.001203,0.120883,-1.578451
51.808000,0.001203,0.120883,-1.578451
51.825000,0.001203,0.120883,-1.578451
51.841000,0.001203,0.120883,-1.578451
51.857000,0.001203,0.120883,-1.578451
51.872000,0.001203,0.120883,-1.578451
51.889000,0.001203,0.120883,-1.578451
51.906000,0.001203,0.120883,-1.578451
51.922000,0.001203,0.120883,-1.578451
51.935000,0.001203,0.120883,-1.578451
51.952000,0.001203,0.120883,-1.578451
51.969000,0.001203,0.120883,-1.578451
51.985000,0.001203,0.120883,-1.578451
52.001000,0.001203,0.120883,-1.578451
52.018000,0.001203,0.120883,-1.578451
52.035000,0.001203,0.120883,-1.578451
52.051000,0.001203,0.120883,-1.578451
52.066000,0.001203,0.120883,-1.578451
52.083000,0.001203,0.120883,-1.578451
52.099000,0.001203,0.120883,-1.578451
52.112000,0.001203,0.120883,-1.578451
52.127000,0.001203,0.120883,-1.578451
52.145000,0.001203,0.120883,-1.578451
52.162000,0.001203,0.120883,-1.578451
52.178000,0.001203,0.120883,-1.578451
52.189000,0.001203,0.120883,-1.578451
52.207000,0.001203,0.120883,-1.578451
52.224000,0.001203,0.120883,-1.578451
52.240000,0.001203,0.120883,-1.578451
52.254000,0.001203,0.120883,-1.578451
52.271000,0.001203,0.120883,-1.578451
52.288000,0.001203,0.120883,-1.578451
52.303000,0.001203,0.120883,-1.578451
52.316000,0.001203,0.120883,-1.578451
52.333000,0.001203,0.120883,-1.578451
52.350000,0.001203,0.120883,-1.578451
52.364000,0.001203,0.120883,-1.578451
52.376000,0.001203,0.120883,-1.578451
52.393000,0.001203,0.120883,-1.578451
52.410000,0.001203,0.120883,-1.578451
52.424000,0.001203,0.120883,-1.578451
52.436000,0.001203,0.120883,-1.578451
52.452000,0.001203,0.120883,-1.578451
52.468000,0.001203,0.120883,-1.578451
52.483000,0.001203,0.120883,-1.578451
52.498000,0.001203,0.120883,-1.578451
52.515000,0.001203,0.120883,-1.578451
52.531000,0.001203,0.120883,-1.578451
52.547000,0.001203,0.120883,-1.578451
52.561000,0.001203,0.120883,-1.578451
52.578000,0.001203,0.120883,-1.578451
52.595000,0.001203,0.120883,-1.578451
52.611000,0.001203,0.120883,-1.578451
52.628000,0.001203,0.120883,-1.578451
52.645000,0.001203,0.120883,-1.578451
52.662000,0.001203,0.120883,-1.578451
52.678000,0.001203,0.120883,-1.578451
52.692000,0.001203,0.120883,-1.578451
52.709000,0.001203,0.120883,-1.578451
52.725000,0.001203,0.120883,-1.578451
52.740000,0.001203,0.120883,-1.578451
52.753000,0.001203,0.120883,-1.578451
52.771000,0.001203,0.120883,-1.578451
52.786000,0.001203,0.120883,-1.578451
52.802000,0.001203,0.120883,-1.578451
52.817000,0.001203,0.120883,-1.578451
52.832000,0.001203,0.120883,-1.578451
52.849000,0.001203,0.120883,-1.578451
52.866000,0.001203,0.120883,-1.578451
52.881000,0.001203,0.120883,-1.578451
52.897000,0.001203,0.120883,-1.578451
52.912000,0.001203,0.120883,-1.578451
52.928000,0.001203,0.120883,-1.578451
52.944000,0.001203,0.120883,-1.578451
52.960000,0.001203,0.120883,-1.578451
52.976000,0.001203,0.120883,-1.578451
52.993000,0.001203,0.120883,-1.578451
53.005000,0.001203,0.120883,-1.578451
53.015000,0.001203,0.120883,-1.578451
53.033000,0.001203,0.120883,-1.578451
53.050000,0.001203,0.120883,-1.578451
53.066000,0.001203,0.120883,-1.578451
53.078000,0.001203,0.120883,-1.578451
53.094000,0.001203,0.120883,-1.578451
53.111000,0.001203,0.120883,-1.578451
53.126000,0.001203,0.120883,-1.578451
53.139000,0.001203,0.120883,-1.578451
53.156000,0.001203,0.120883,-1.578451
53.173000,0.001203,0.120883,-1.578451
53.190000,0.001203,0.120883,-1.578451
53.203000,0.001203,0.120883,-1.578451
53.218000,0.001203,0.120883,-1.578451
53.236000,0.001203,0.120883,-1.578451
53.252000,0.001203,0.120883,-1.578451
53.269000,0.001203,0.120883,-1.578451
53.284000,0.001203,0.120883,-1.578451
53.301000,0.001203,0.120883,-1.578451
53.317000,0.001203,0.120883,-1.578451
53.329000,0.001203,0.120883,-1.578451
53.346000,0.001203,0.120883,-1.578451
53.361000,0.001203,0.120883,-1.578451
53.378000,0.001203,0.120883,-1.578451
53.395000,0.001203,0.120883,-1.578451
53.409000,0.001203,0.120883,-1.578451
53.426000,0.001203,0.120883,-1.578451
53.443000,0.001203,0.120883,-1.578451
53.459000,0.001203,0.120883,-1.578451
53.473000,0.001203,0.120883,-1.578451
53.489000,0.001203,0.120883,-1.578451
53.505000,0.001203,0.120883,-1.578451
53.521000,0.001203,0.120883,-1.578451
53.533000,0.001203,0.120883,-1.578451
53.550000,0.001203,0.120883,-1.578451
53.567000,0.001203,0.120883,-1.578451
53.583000,0.001203,0.120883,-1.578451
53.595000,0.001203,0.120883,-1.578451
53.610000,0.001203,0.120883,-1.578451
53.628000,0.001203,0.120883,-1.578451
53.644000,0.001203,0.120883,-1.578451
53.656000,0.001203,0.120883,-1.578451
53.674000,0.001203,0.120883,-1.578451
53.690000,0.001203,0.120883,-1.578451
53.705000,0.001203,0.120883,-1.578451
53.722000,0.001203,0.120883,-1.578451
53.740000,0.001203,0.120883,-1.578451
53.756000,0.001203,0.120883,-1.578451
53.772000,0.001203,0.120883,-1.578451
53.787000,0.001203,0.120883,-1.578451
53.805000,0.001203,0.120883,-1.578451
53.820000,0.001203,0.120883,-1.578451
53.837000,0.001203,0.120883,-1.578451
53.851000,0.001203,0.120883,-1.578451
53.868000,0.001203,0.120883,-1.578451
53.884000,0.001203,0.120883,-1.578451
53.900000,0.001203,0.120883,-1.578451
53.915000,0.001203,0.120883,-1.578451
53.932000,0.001203,0.120883,-1.578451
53.949000,0.001203,0.120883,-1.578451
53.963000,0.001203,0.120883,-1.578451
53.976000,0.001203,0.120883,-1.578451
53.993000,0.001203,0.120883,-1.578451
54.010000,0.001203,0.120883,-1.578451
54.027000,0.001203,0.120883,-1.578451
54.042000,0.001203,0.120883,-1.578451
54.059000,0.001203,0.120883,-1.578451
54.076000,0.001203,0.120883,-1.578451
54.092000,0.001203,0.120883,-1.578451
54.107000,0.001203,0.120883,-1.578451
54.126000,0.001203,0.120883,-1.578451
54.143000,0.001203,0.120883,-1.578451
54.158000,0.001203,0.120883,-1.578451
54.171000,0.001203,0.120883,-1.578451
54.189000,0.001203,0.120883,-1.578451
54.203000,0.001203,0.120883,-1.578451
54.217000,0.001203,0.120883,-1.578451
54.233000,0.001203,0.120883,-1.578451
54.250000,0.001203,0.120883,-1.578451
54.267000,0.001203,0.120883,-1.578451
54.283000,0.001203,0.120883,-1.578451
54.298000,0.001203,0.120883,-1.578451
54.316000,0.001203,0.120883,-1.578451
54.333000,0.001203,0.120883,-1.578451
54.349000,0.001203,0.120883,-1.578451
54.361000,0.001203,0.120883,-1.578451
54.379000,0.001203,0.120883,-1.578451
54.395000,0.001203,0.120883,-1.578451
54.409000,0.001203,0.120883,-1.578451
54.422000,0.001203,0.120883,-1.578451
54.439000,0.001203,0.120883,-1.578451
54.456000,0.001203,0.120883,-1.578451
54.473000,0.001203,0.120883,-1.578451
54.486000,0.001203,0.120883,-1.578451
54.503000,0.001203,0.120883,-1.578451
54.518000,0.001203,0.120883,-1.578451
54.532000,0.001203,0.120883,-1.578451
54.544000,0.001203,0.120883,-1.578451
54.561000,0.001203,0.120883,-1.578451
54.577000,0.001203,0.120883,-1.578451
54.594000,0.001203,0.120883,-1.578451
54.608000,0.001203,0.120883,-1.578451
54.625000,0.001203,0.120883,-1.578451
54.642000,0.001203,0.120883,-1.578451
54.658000,0.001203,0.120883,-1.578451
54.669000,0.001203,0.120883,-1.578451
54.686000,0.001203,0.120883,-1.578451
54.703000,0.001203,0.120883,-1.578451
54.718000,0.001203,0.120883,-1.578451
54.732000,0.001203,0.120883,-1.578451
54.750000,0.001203,0.120883,-1.578451
54.767000,0.001203,0.120883,-1.578451
54.784000,0.001203,0.120883,-1.578451
54.793000,0.001203,0.120883,-1.578451
54.809000,0.001203,0.120883,-1.578451
54.825000,0.001203,0.120883,-1.578451
54.840000,0.001203,0.120883,-1.578451
54.851000,0.001203,0.120883,-1.578451
54.867000,0.001203,0.120883,-1.578451
54.884000,0.001203,0.120883,-1.578451
54.901000,0.001203,0.120883,-1.578451
54.914000,0.001203,0.120883,-1.578451
54.931000,0.001203,0.120883,-1.578451
54.942000,0.001203,0.120883,-1.578451
54.957000,0.001203,0.120883,-1.578451
54.971000,0.001203,0.120883,-1.578451
54.988000,0.001203,0.120883,-1.578451
55.005000,0.001203,0.120883,-1.578451
55.022000,0.001203,0.120883,-1.578451
55.035000,0.001203,0.120883,-1.578451
55.052000,0.001203,0.120883,-1.578451
55.068000,0.001203,0.120883,-1.578451
55.085000,0.001203,0.120883,-1.578451
55.098000,0.001203,0.120883,-1.578451
55.116000,0.001203,0.120883,-1.578451
55.133000,0.001203,0.120883,-1.578451
55.148000,0.001203,0.120883,-1.578451
55.165000,0.001203,0.120883,-1.578451
55.180000,0.001203,0.120883,-1.578451
55.196000,0.001203,0.120883,-1.578451
55.210000,0.001203,0.120883,-1.578451
55.225000,0.001203,0.120883,-1.578451
55.243000,0.001203,0.120883,-1.578451
55.259000,0.001203,0.120883,-1.578451
55.275000,0.001203,0.120883,-1.578451
55.288000,0.001203,0.120883,-1.578451
55.306000,0.001203,0.120883,-1.578451
55.323000,0.001203,0.120883,-1.578451
55.339000,0.001203,0.120883,-1.578451
55.350000,0.001203,0.120883,-1.578451
55.366000,0.001203,0.120883,-1.578451
55.383000,0.001203,0.120883,-1.578451
55.398000,0.001203,0.120883,-1.578451
55.410000,0.001203,0.120883,-1.578451
55.427000,0.001203,0.120883,-1.578451
55.444000,0.001203,0.120883,-1.578451
55.460000,0.001203,0.120883,-1.578451
55.472000,0.001203,0.120883,-1.578451
55.489000,0.001203,0.120883,-1.578451
55.507000,0.001203,0.120883,-1.578451
55.522000,0.001203,0.120883,-1.578451
55.535000,0.001203,0.120883,-1.578451
55.552000,0.001203,0.120883,-1.578451
55.569000,0.001203,0.120883,-1.578451
55.585000,0.001203,0.120883,-1.578451
55.598000,0.001203,0.120883,-1.578451
55.615000,0.001203,0.120883,-1.578451
55.631000,0.001203,0.120883,-1.578451
55.648000,0.001203,0.120883,-1.578451
55.659000,0.001203,0.120883,-1.578451
55.676000,0.001203,0.120883,-1.578451
55.693000,0.001203,0.120883,-1.578451
55.708000,0.001203,0.120883,-1.578451
55.721000,0.001203,0.120883,-1.578451
55.737000,0.001203,0.120883,-1.578451
55.755000,0.001203,0.120883,-1.578451
55.771000,0.001203,0.120883,-1.578451
55.782000,0.001203,0.120883,-1.578451
55.799000,0.001203,0.120883,-1.578451
55.816000,0.001203,0.120883,-1.578451
55.831000,0.001203,0.120883,-1.578451
55.842000,0.001203,0.120883,-1.578451
55.860000,0.001203,0.120883,-1.578451
55.876000,0.001203,0.120883,-1.578451
55.893000,0.001203,0.120883,-1.578451
55.906000,0.001203,0.120883,-1.578451
55.923000,0.001203,0.120883,-1.578451
55.940000,0.001203,0.120883,-1.578451
55.955000,0.001203,0.120883,-1.578451
55.969000,0.001203,0.120883,-1.578451
55.986000,0.001203,0.120883,-1.578451
56.002000,0.001203,0.120883,-1.578451
56.016000,0.001203,0.120883,-1.578451
56.030000,0.001203,0.120883,-1.578451
56.047000,0.001203,0.120883,-1.578451
56.064000,0.001203,0.120883,-1.578451
56.080000,0.001203,0.120883,-1.578451
56.097000,0.001203,0.120883,-1.578451
56.114000,0.001203,0.120883,-1.578451
56.131000,0.001203,0.120883,-1.578451
56.147000,0.001203,0.120883,-1.578451
56.161000,0.001203,0.120883,-1.578451
56.178000,0.001203,0.120883,-1.578451
56.195000,0.001203,0.120883,-1.578451
56.210000,0.001203,0.120883,-1.578451
56.224000,0.001203,0.120883,-1.578451
56.240000,0.001203,0.120883,-1.578451
56.257000,0.001203,0.120883,-1.578451
56.274000,0.001203,0.120883,-1.578451
56.290000,0.001203,0.120883,-1.578451
56.303000,0.001203,0.120883,-1.578451
56.320000,0.001203,0.120883,-1.578451
56.337000,0.001203,0.120883,-1.578451
56.351000,0.001203,0.120883,-1.578451
56.365000,0.001203,0.120883,-1.578451
56.382000,0.001203,0.120883,-1.578451
56.399000,0.001203,0.120883,-1.578451
56.414000,0.001203,0.120883,-1.578451
56.432000,0.001203,0.120883,-1.578451
56.447000,0.001203,0.120883,-1.578451
56.465000,0.001203,0.120883,-1.578451
56.481000,0.001203,0.120883,-1.578451
56.494000,0.001203,0.120883,-1.578451
56.509000,0.001203,0.120883,-1.578451
56.526000,0.001203,0.120883,-1.578451
56.540000,0.001203,0.120883,-1.578451
56.555000,0.001203,0.120883,-1.578451
56.572000,0.001203,0.120883,-1.578451
56.589000,0.001203,0.120883,-1.578451
56.603000,0.001203,0.120883,-1.578451
56.613000,0.001203,0.120883,-1.578451
56.630000,0.001203,0.120883,-1.578451
56.646000,0.001203,0.120883,-1.578451
56.662000,0.001203,0.120883,-1.578451
56.675000,0.001203,0.120883,-1.578451
56.693000,0.001203,0.120883,-1.578451
56.709000,0.001203,0.120883,-1.578451
56.724000,0.001203,0.120883,-1.578451
56.736000,0.001203,0.120883,-1.578451
56.753000,0.001203,0.120883,-1.578451
56.770000,0.001203,0.120883,-1.578451
56.786000,0.001203,0.120883,-1.578451
56.799000,0.001203,0.120883,-1.578451
56.816000,0.001203,0.120883,-1.578451
56.832000,0.001203,0.120883,-1.578451
56.846000,0.001203,0.120883,-1.578451
56.861000,0.001203,0.120883,-1.578451
56.877000,0.001203,0.120883,-1.578451
56.894000,0.001203,0.120883,-1.578451
56.909000,0.001203,0.120883,-1.578451
56.926000,0.001203,0.120883,-1.578451
56.943000,0.001203,0.120883,-1.578451
56.958000,0.001203,0.120883,-1.578451
56.973000,0.001203,0.120883,-1.578451
56.987000,0.001203,0.120883,-1.578451
57.001000,0.001203,0.120883,-1.578451
57.018000,0.001203,0.120883,-1.578451
57.035000,0.001203,0.120883,-1.578451
57.052000,0.001203,0.120883,-1.578451
57.063000,0.001203,0.120883,-1.578451
57.080000,0.001203,0.120883,-1.578451
57.097000,0.001203,0.120883,-1.578451
57.113000,0.001203,0.120883,-1.578451
57.126000,0.001203,0.120883,-1.578451
57.142000,0.001203,0.120883,-1.578451
57.159000,0.001203,0.120883,-1.578451
57.175000,0.001203,0.120883,-1.578451
57.190000,0.001203,0.120883,-1.578451
57.207000,0.001203,0.120883,-1.578451
57.224000,0.001203,0.120883,-1.578451
57.238000,0.001203,0.120883,-1.578451
57.251000,0.001203,0.120883,-1.578451
57.268000,0.001203,0.120883,-1.578451
57.285000,0.001203,0.120883,-1.578451
57.301000,0.001203,0.120883,-1.578451
57.313000,0.001203,0.120883,-1.578451
57.331000,0.001203,0.120883,-1.578451
57.348000,0.001203,0.120883,-1.578451
57.364000,0.001203,0.120883,-1.578451
57.377000,0.001203,0.120883,-1.578451
57.395000,0.001203,0.120883,-1.578451
57.412000,0.001203,0.120883,-1.578451
57.429000,0.001203,0.120883,-1.578451
57.441000,0.001203,0.120883,-1.578451
57.459000,0.001203,0.120883,-1.578451
57.475000,0.001203,0.120883,-1.578451
57.490000,0.001203,0.120883,-1.578451
57.504000,0.001203,0.120883,-1.578451
57.521000,0.001203,0.120883,-1.578451
57.536000,0.001203,0.120883,-1.578451
57.549000,0.001203,0.120883,-1.578451
57.563000,0.001203,0.120883,-1.578451
57.580000,0.001203,0.120883,-1.578451
57.597000,0.001203,0.120883,-1.578451
57.613000,0.001203,0.120883,-1.578451
57.627000,0.001203,0.120883,-1.578451
57.644000,0.001203,0.120883,-1.578451
57.661000,0.001203,0.120883,-1.578451
57.677000,0.001203,0.120883,-1.578451
57.689000,0.001203,0.120883,-1.578451
57.707000,0.001203,0.120883,-1.578451
57.723000,0.001203,0.120883,-1.578451
57.740000,0.001203,0.120883,-1.578451
57.753000,0.001203,0.120883,-1.578451
57.770000,0.001203,0.120883,-1.578451
57.788000,0.001203,0.120883,-1.578451
57.805000,0.001203,0.120883,-1.578451
57.820000,0.001203,0.120883,-1.578451
57.837000,0.001203,0.120883,-1.578451
57.854000,0.001203,0.120883,-1.578451
57.870000,0.001203,0.120883,-1.578451
57.885000,0.001203,0.120883,-1.578451
57.899000,0.001203,0.120883,-1.578451
57.916000,0.001203,0.120883,-1.578451
57.932000,0.001203,0.120883,-1.578451
57.949000,0.001203,0.120883,-1.578451
57.966000,0.001203,0.120883,-1.578451
57.982000,0.001203,0.120883,-1.578451
57.998000,0.001203,0.120883,-1.578451
58.012000,0.001203,0.120883,-1.578451
58.029000,0.001203,0.120883,-1.578451
58.046000,0.001203,0.120883,-1.578451
58.062000,0.001203,0.120883,-1.578451
58.076000,0.001203,0.120883,-1.578451
58.093000,0.001203,0.120883,-1.578451
58.110000,0.001203,0.120883,-1.578451
58.124000,0.001203,0.120883,-1.578451
58.138000,0.001203,0.120883,-1.578451
58.155000,0.001203,0.120883,-1.578451
58.172000,0.001203,0.120883,-1.578451
58.186000,0.001203,0.120883,-1.578451
58.199000,0.001203,0.120883,-1.578451
58.217000,0.001203,0.120883,-1.578451
58.234000,0.001203,0.120883,-1.578451
58.251000,0.001203,0.120883,-1.578451
58.264000,0.001203,0.120883,-1.578451
58.281000,0.001203,0.120883,-1.578451
58.298000,0.001203,0.120883,-1.578451
58.313000,0.001203,0.120883,-1.578451
58.324000,0.001203,0.120883,-1.578451
58.341000,0.001203,0.120883,-1.578451
58.358000,0.001203,0.120883,-1.578451
58.374000,0.001203,0.120883,-1.578451
58.387000,0.001203,0.120883,-1.578451
58.404000,0.001203,0.120883,-1.578451
58.420000,0.001203,0.120883,-1.578451
58.436000,0.001203,0.120883,-1.578451
58.453000,0.001203,0.120883,-1.578451
58.472000,0.001203,0.120883,-1.578451
58.488000,0.001203,0.120883,-1.578451
58.502000,0.001203,0.120883,-1.578451
58.512000,0.001203,0.120883,-1.578451
58.530000,0.001203,0.120883,-1.578451
58.547000,0.001203,0.120883,-1.578451
58.564000,0.001203,0.120883,-1.578451
58.577000,0.001203,0.120883,-1.578451
58.595000,0.001203,0.120883,-1.578451
58.611000,0.001203,0.120883,-1.578451
58.627000,0.001203,0.120883,-1.578451
58.640000,0.001203,0.120883,-1.578451
58.657000,0.001203,0.120883,-1.578451
58.674000,0.001203,0.120883,-1.578451
58.689000,0.001203,0.120883,-1.578451
58.702000,0.001203,0.120883,-1.578451
58.719000,0.001203,0.120883,-1.578451
58.736000,0.001203,0.120883,-1.578451
58.752000,0.001203,0.120883,-1.578451
58.763000,0.001203,0.120883,-1.578451
58.779000,0.001203,0.120883,-1.578451
58.797000,0.001203,0.120883,-1.578451
58.811000,0.001203,0.120883,-1.578451
58.824000,0.001203,0.120883,-1.578451
58.841000,0.001203,0.120883,-1.578451
58.859000,0.001203,0.120883,-1.578451
58.875000,0.001203,0.120883,-1.578451
58.889000,0.001203,0.120883,-1.578451
58.905000,0.001203,0.120883,-1.578451
58.923000,0.001203,0.120883,-1.578451
58.938000,0.001203,0.120883,-1.578451
58.951000,0.001203,0.120883,-1.578451
58.968000,0.001203,0.120883,-1.578451
58.985000,0.001203,0.120883,-1.578451
59.001000,0.001203,0.120883,-1.578451
59.014000,0.001203,0.120883,-1.578451
59.030000,0.001203,0.120883,-1.578451
59.047000,0.001203,0.120883,-1.578451
59.064000,0.001203,0.120883,-1.578451
59.074000,0.001203,0.120883,-1.578451
59.091000,0.001203,0.120883,-1.578451
59.107000,0.001203,0.120883,-1.578451
59.123000,0.001203,0.120883,-1.578451
59.140000,0.001203,0.120883,-1.578451
59.158000,0.001203,0.120883,-1.578451
59.175000,0.001203,0.120883,-1.578451
59.192000,0.001203,0.120883,-1.578451
59.208000,0.001203,0.120883,-1.578451
59.226000,0.001203,0.120883,-1.578451
59.241000,0.001203,0.120883,-1.578451
59.258000,0.001203,0.120883,-1.578451
59.274000,0.001203,0.120883,-1.578451
59.286000,0.001203,0.120883,-1.578451
59.303000,0.001203,0.120883,-1.578451
59.320000,0.001203,0.120883,-1.578451
59.333000,0.001203,0.120883,-1.578451
59.347000,0.001203,0.120883,-1.578451
59.365000,0.001203,0.120883,-1.578451
59.380000,0.001203,0.120883,-1.578451
59.396000,0.001203,0.120883,-1.578451
59.413000,0.001203,0.120883,-1.578451
59.423000,0.001203,0.120883,-1.578451
59.440000,0.001203,0.120883,-1.578451
59.457000,0.001203,0.120883,-1.578451
59.472000,0.001203,0.120883,-1.578451
59.486000,0.001203,0.120883,-1.578451
59.503000,0.001203,0.120883,-1.578451
59.520000,0.001203,0.120883,-1.578451
59.535000,0.001203,0.120883,-1.578451
59.549000,0.001203,0.120883,-1.578451
59.564000,0.001203,0.120883,-1.578451
59.582000,0.001203,0.120883,-1.578451
59.599000,0.001203,0.120883,-1.578451
59.611000,0.001203,0.120883,-1.578451
59.627000,0.001203,0.120883,-1.578451
59.645000,0.001203,0.120883,-1.578451
59.659000,0.001203,0.120883,-1.578451
59.671000,0.001203,0.120883,-1.578451
59.688000,0.001203,0.120883,-1.578451
59.705000,0.001203,0.120883,-1.578451
59.722000,0.001203,0.120883,-1.578451
59.736000,0.001203,0.120883,-1.578451
59.753000,0.001203,0.120883,-1.578451
59.771000,0.001203,0.120883,-1.578451
59.788000,0.001203,0.120883,-1.578451
59.801000,0.001203,0.120883,-1.578451
59.818000,0.001203,0.120883,-1.578451
59.835000,0.001203,0.120883,-1.578451
59.851000,0.001203,0.120883,-1.578451
59.861000,0.001203,0.120883,-1.578451
59.877000,0.001203,0.120883,-1.578451
59.894000,0.001203,0.120883,-1.578451
59.909000,0.001203,0.120883,-1.578451
59.923000,0.001203,0.120883,-1.578451
59.937000,0.001203,0.120883,-1.578451
59.955000,0.001203,0.120883,-1.578451
59.971000,0.001203,0.120883,-1.578451
59.987000,0.001203,0.120883,-1.578451
60.003000,0.001203,0.120883,-1.578451
60.019000,0.001203,0.120883,-1.578451
60.036000,0.001203,0.120883,-1.578451
60.053000,0.001203,0.120883,-1.578451
60.068000,0.001203,0.120883,-1.578451
60.084000,0.001203,0.120883,-1.578451
60.101000,0.001203,0.120883,-1.578451
60.117000,0.001203,0.120883,-1.578451
60.132000,0.001203,0.120883,-1.578451
60.149000,0.001203,0.120883,-1.578451
60.164000,0.001203,0.120883,-1.578451
60.180000,0.001203,0.120883,-1.578451
60.194000,0.001203,0.120883,-1.578451
60.211000,0.001203,0.120883,-1.578451
60.227000,0.001203,0.120883,-1.578451
60.242000,0.001203,0.120883,-1.578451
60.257000,0.001203,0.120883,-1.578451
60.274000,0.001203,0.120883,-1.578451
60.287000,0.001203,0.120883,-1.578451
60.301000,0.001203,0.120883,-1.578451
60.315000,0.001203,0.120883,-1.578451
60.333000,0.001203,0.120883,-1.578451
60.350000,0.001203,0.120883,-1.578451
60.364000,0.001203,0.120883,-1.578451
60.382000,0.001203,0.120883,-1.578451
60.399000,0.001203,0.120883,-1.578451
60.414000,0.001203,0.120883,-1.578451
60.426000,0.001203,0.120883,-1.578451
60.443000,0.001203,0.120883,-1.578451
60.460000,0.001203,0.120883,-1.578451
60.477000,0.001203,0.120883,-1.578451
60.490000,0.001203,0.120883,-1.578451
60.507000,0.001203,0.120883,-1.578451
60.523000,0.001203,0.120883,-1.578451
60.539000,0.001203,0.120883,-1.578451
60.552000,0.001203,0.120883,-1.578451
60.567000,0.001203,0.120883,-1.578451
60.584000,0.001203,0.120883,-1.578451
60.600000,0.001203,0.120883,-1.578451
60.614000,0.001203,0.120883,-1.578451
60.631000,0.001203,0.120883,-1.578451
60.647000,0.001203,0.120883,-1.578451
60.663000,0.001203,0.120883,-1.578451
60.678000,0.001203,0.120883,-1.578451
60.695000,0.001203,0.120883,-1.578451
60.711000,0.001203,0.120883,-1.578451
60.726000,0.001203,0.120883,-1.578451
60.738000,0.001203,0.120883,-1.578451
60.756000,0.001203,0.120883,-1.578451
60.773000,0.001203,0.120883,-1.578451
60.789000,0.001203,0.120883,-1.578451
60.799000,0.001203,0.120883,-1.578451
60.817000,0.001203,0.120883,-1.578451
60.833000,0.001203,0.120883,-1.578451
60.849000,0.001203,0.120883,-1.578451
60.861000,0.001203,0.120883,-1.578451
60.879000,0.001203,0.120883,-1.578451
60.895000,0.001203,0.120883,-1.578451
60.912000,0.001203,0.120883,-1.578451
60.925000,0.001203,0.120883,-1.578451
60.942000,0.001203,0.120883,-1.578451
60.959000,0.001203,0.120883,-1.578451
60.974000,0.001203,0.120883,-1.578451
60.987000,0.001203,0.120883,-1.578451
61.004000,0.001203,0.120883,-1.578451
61.020000,0.001203,0.120883,-1.578451
61.037000,0.001203,0.120883,-1.578451
61.051000,0.001203,0.120883,-1.578451
61.068000,0.001203,0.120883,-1.578451
61.085000,0.001203,0.120883,-1.578451
61.101000,0.001203,0.120883,-1.578451
61.114000,0.001203,0.120883,-1.578451
61.131000,0.001203,0.120883,-1.578451
61.147000,0.001203,0.120883,-1.578451
61.162000,0.001203,0.120883,-1.578451
61.174000,0.001203,0.120883,-1.578451
61.190000,0.001203,0.120883,-1.578451
61.206000,0.001203,0.120883,-1.578451
61.221000,0.001203,0.120883,-1.578451
61.232000,0.001203,0.120883,-1.578451
61.250000,0.001203,0.120883,-1.578451
61.267000,0.001203,0.120883,-1.578451
61.281000,0.001203,0.120883,-1.578451
61.294000,0.001203,0.120883,-1.578451
61.311000,0.001203,0.120883,-1.578451
61.328000,0.001203,0.120883,-1.578451
61.345000,0.001203,0.120883,-1.578451
61.354000,0.001203,0.120883,-1.578451
61.371000,0.001203,0.120883,-1.578451
61.388000,0.001203,0.120883,-1.578451
61.403000,0.001203,0.120883,-1.578451
61.414000,0.001203,0.120883,-1.578451
61.431000,0.001203,0.120883,-1.578451
61.448000,0.001203,0.120883,-1.578451
61.463000,0.001203,0.120883,-1.578451
61.476000,0.001203,0.120883,-1.578451
61.492000,0.001203,0.120883,-1.578451
61.509000,0.001203,0.120883,-1.578451
61.526000,0.001203,0.120883,-1.578451
61.542000,0.001203,0.120883,-1.578451
61.558000,0.001203,0.120883,-1.578451
61.575000,0.001203,0.120883,-1.578451
61.589000,0.001203,0.120883,-1.578451
61.602000,0.001203,0.120883,-1.578451
61.620000,0.001203,0.120883,-1.578451
61.636000,0.001203,0.120883,-1.578451
61.652000,0.001203,0.120883,-1.578451
61.664000,0.001203,0.120883,-1.578451
61.681000,0.001203,0.120883,-1.578451
61.698000,0.001203,0.120883,-1.578451
61.714000,0.001203,0.120883,-1.578451
61.729000,0.001203,0.120883,-1.578451
61.746000,0.001203,0.120883,-1.578451
61.763000,0.001203,0.120883,-1.578451
61.778000,0.001203,0.120883,-1.578451
61.795000,0.001203,0.120883,-1.578451
61.807000,0.001203,0.120883,-1.578451
61.824000,0.001203,0.120883,-1.578451
61.841000,0.001203,0.120883,-1.578451
61.857000,0.001203,0.120883,-1.578451
61.867000,0.001203,0.120883,-1.578451
61.884000,0.001203,0.120883,-1.578451
61.901000,0.001203,0.120883,-1.578451
61.918000,0.001203,0.120883,-1.578451
61.930000,0.001203,0.120883,-1.578451
61.947000,0.001203,0.120883,-1.578451
61.964000,0.001203,0.120883,-1.578451
61.979000,0.001203,0.120883,-1.578451
61.991000,0.001203,0.120883,-1.578451
62.008000,0.001203,0.120883,-1.578451
62.025000,0.001203,0.120883,-1.578451
62.040000,0.001203,0.120883,-1.578451
62.051000,0.001203,0.120883,-1.578451
62.068000,0.001203,0.120883,-1.578451
62.085000,0.001203,0.120883,-1.578451
62.099000,0.001203,0.120883,-1.578451
62.110000,0.001203,0.120883,-1.578451
62.127000,0.001203,0.120883,-1.578451
62.140000,0.001203,0.120883,-1.578451
62.155000,0.001203,0.120883,-1.578451
62.169000,0.001203,0.120883,-1.578451
62.187000,0.001203,0.120883,-1.578451
62.203000,0.001203,0.120883,-1.578451
62.219000,0.001203,0.120883,-1.578451
62.230000,0.001203,0.120883,-1.578451
62.248000,0.001203,0.120883,-1.578451
62.265000,0.001203,0.120883,-1.578451
62.282000,0.001203,0.120883,-1.578451
62.295000,0.001203,0.120883,-1.578451
62.313000,0.001203,0.120883,-1.578451
62.330000,0.001203,0.120883,-1.578451
62.344000,0.001203,0.120883,-1.578451
62.355000,0.001203,0.120883,-1.578451
62.372000,0.001203,0.120883,-1.578451
62.387000,0.001203,0.120883,-1.578451
62.402000,0.001203,0.120883,-1.578451
62.417000,0.001203,0.120883,-1.578451
62.431000,0.001203,0.120883,-1.578451
62.446000,0.001203,0.120883,-1.578451
62.462000,0.001203,0.120883,-1.578451
62.478000,0.001203,0.120883,-1.578451
62.490000,0.001203,0.120883,-1.578451
62.506000,0.001203,0.120883,-1.578451
62.524000,0.001203,0.120883,-1.578451
62.541000,0.001203,0.120883,-1.578451
62.554000,0.001203,0.120883,-1.578451
62.571000,0.001203,0.120883,-1.578451
62.588000,0.001203,0.120883,-1.578451
62.602000,0.001203,0.120883,-1.578451
62.613000,0.001203,0.120883,-1.578451
62.631000,0.001203,0.120883,-1.578451
62.648000,0.001203,0.120883,-1.578451
62.664000,0.001203,0.120883,-1.578451
62.676000,0.001203,0.120883,-1.578451
62.694000,0.001203,0.120883,-1.578451
62.710000,0.001203,0.120883,-1.578451
62.726000,0.001203,0.120883,-1.578451
62.740000,0.001203,0.120883,-1.578451
62.756000,0.001203,0.120883,-1.578451
62.772000,0.001203,0.120883,-1.578451
62.787000,0.001203,0.120883,-1.578451
62.802000,0.001203,0.120883,-1.578451
62.818000,0.001203,0.120883,-1.578451
62.834000,0.001203,0.120883,-1.578451
62.849000,0.001203,0.120883,-1.578451
62.864000,0.001203,0.120883,-1.578451
62.881000,0.001203,0.120883,-1.578451
62.897000,0.001203,0.120883,-1.578451
62.913000,0.001203,0.120883,-1.578451
