t,x,y,yaw
0.002000,-0.000000,0.000000,-0.000000
0.003000,-0.000000,0.000000,-0.000000
0.004000,0.000001,0.000000,0.000000
0.018000,0.000119,0.000000,0.000000
0.035000,0.000526,0.000000,0.000000
0.052000,0.001221,0.000000,0.000000
0.069000,0.002203,0.000000,0.000000
0.086000,0.003474,0.000000,0.000000
0.103000,0.005033,0.000000,0.000000
0.120000,0.006879,0.000000,0.000000
0.137000,0.009014,0.000000,0.000000
0.154000,0.011437,0.000000,0.000000
0.171000,0.014112,0.000000,0.000000
0.186000,0.016504,0.000000,0.000000
0.203000,0.019213,0.000000,0.000000
0.220000,0.021922,0.000000,0.000000
0.237000,0.024630,0.000000,0.000000
0.254000,0.027337,0.000000,0.000000
0.271000,0.030044,0.000000,0.000000
0.288000,0.032624,0.000000,0.000000
0.306000,0.035157,0.000000,0.000000
0.323000,0.037544,0.000000,0.000000
0.340000,0.039925,0.000000,-0.000000
0.356000,0.042160,0.000000,-0.000000
0.373000,0.044529,0.000000,-0.000000
0.389000,0.046753,0.000000,-0.000000
0.406000,0.049110,0.000000,-0.000000
0.418000,0.050771,0.000000,-0.000000
0.435000,0.053117,0.000000,-0.000000
0.451000,0.055321,0.000000,-0.000000
0.469000,0.058092,0.000000,-0.000000
0.484000,0.060503,0.000000,-0.000000
0.499000,0.062914,0.000000,-0.000000
0.516000,0.065646,0.000000,-0.000000
0.530000,0.067895,0.000000,-0.000000
0.547000,0.070625,0.000000,-0.000000
0.562000,0.073033,0.000001,-0.000000
0.575000,0.075120,0.000001,-0.000000
0.589000,0.077366,0.000001,-0.000000
0.607000,0.080254,0.000001,-0.000000
0.625000,0.083141,0.000001,-0.000000
0.642000,0.085867,0.000001,-0.000000
0.659000,0.088592,0.000001,-0.000000
0.676000,0.091316,0.000001,-0.000000
0.693000,0.094040,0.000001,-0.000000
0.710000,0.096762,0.000001,-0.000000
0.726000,0.099324,0.000001,-0.000000
0.739000,0.101405,0.000001,-0.000000
0.756000,0.104126,0.000001,-0.000000
0.772000,0.106685,0.000001,-0.000000
0.789000,0.109405,0.000001,-0.000000
0.806000,0.112123,0.000001,-0.000000
0.821000,0.114521,0.000001,-0.000000
0.838000,0.117238,0.000001,-0.000000
0.851000,0.119315,0.000001,-0.000000
0.867000,0.121870,0.000001,-0.000000
0.885000,0.124745,0.000001,-0.000000
0.899000,0.126980,0.000001,-0.000000
0.916000,0.129693,0.000001,-0.000000
0.934000,0.132565,0.000001,-0.000000
0.949000,0.134958,0.000001,-0.000001
0.962000,0.137031,0.000001,-0.000001
0.979000,0.139742,0.000001,-0.000001
0.995000,0.142292,0.000001,-0.000001
1.009000,0.144523,0.000001,-0.000001
1.026000,0.147231,0.000001,-0.000001
1.044000,0.150098,0.000001,-0.000001
1.061000,0.152804,0.000001,-0.000001
1.074000,0.154852,0.000001,-0.000001
1.091000,0.157509,0.000001,-0.000001
1.108000,0.160159,0.000001,-0.000001
1.122000,0.162337,0.000001,-0.000001
1.140000,0.165131,0.000001,-0.000001
1.157000,0.167764,0.000001,-0.000001
1.169000,0.169619,0.000001,-0.000001
1.183000,0.171779,0.000001,-0.000001
1.200000,0.174397,0.000001,-0.000001
1.216000,0.176855,0.000001,-0.000001
1.232000,0.179308,0.000001,-0.000001
1.248000,0.181850,0.000001,-0.000001
1.265000,0.184582,0.000001,-0.000001
1.282000,0.187314,0.000001,-0.000001
1.295000,0.189403,0.000001,-0.000001
1.312000,0.192133,0.000001,-0.000001
1.329000,0.194863,0.000001,-0.000001
1.340000,0.196629,0.000001,-0.000001
1.353000,0.198715,0.000001,-0.000001
1.369000,0.201283,0.000001,-0.000001
1.385000,0.203850,0.000001,-0.000001
1.398000,0.205935,0.000001,-0.000001
1.412000,0.208179,0.000001,-0.000001
1.428000,0.210744,0.000001,-0.000001
1.441000,0.212828,0.000001,-0.000001
1.459000,0.215712,0.000001,-0.000001
1.475000,0.218275,0.000001,-0.000001
1.489000,0.220517,0.000001,-0.000001
1.506000,0.223238,0.000001,-0.000001
1.523000,0.225959,0.000001,-0.000001
1.537000,0.228199,0.000001,-0.000001
1.554000,0.230919,0.000001,-0.000001
1.570000,0.233477,0.000001,-0.000001
1.583000,0.235556,0.000001,-0.000001
1.599000,0.238113,0.000001,-0.000001
1.616000,0.240830,0.000001,-0.000001
1.630000,0.243067,0.000001,-0.000001
1.647000,0.245782,0.000001,-0.000001
1.664000,0.248496,0.000001,-0.000001
1.679000,0.250891,0.000001,-0.000001
1.696000,0.253604,0.000001,-0.000001
1.712000,0.256157,0.000001,-0.000001
1.727000,0.258549,0.000001,-0.000001
1.744000,0.261260,0.000001,-0.000001
1.760000,0.263811,0.000001,-0.000001
1.774000,0.266042,0.000001,-0.000002
1.791000,0.268750,0.000001,-0.000002
1.808000,0.271458,0.000001,-0.000002
1.822000,0.273688,0.000001,-0.000002
1.839000,0.276388,0.000001,-0.000002
1.852000,0.278443,0.000001,-0.000002
1.865000,0.280495,0.000001,-0.000002
1.881000,0.283015,0.000001,-0.000002
1.897000,0.285530,0.000001,-0.000002
1.911000,0.287727,0.000001,-0.000002
1.926000,0.290075,0.000001,-0.000002
1.945000,0.293044,0.000001,-0.000002
1.959000,0.295226,0.000001,-0.000002
1.975000,0.297715,0.000001,-0.000002
1.991000,0.300199,0.000001,-0.000002
2.004000,0.302242,0.000001,-0.000002
2.020000,0.304815,0.000001,-0.000002
2.038000,0.307707,0.000001,-0.000002
2.055000,0.310439,0.000001,-0.000002
2.073000,0.313330,0.000001,-0.000002
2.090000,0.316059,0.000001,-0.000002
2.106000,0.318628,0.000001,-0.000002
2.118000,0.320554,0.000001,-0.000002
2.136000,0.323442,0.000001,-0.000002
2.148000,0.325366,0.000001,-0.000002
2.165000,0.328093,0.000001,-0.000002
2.181000,0.330658,0.000001,-0.000002
2.197000,0.333222,0.000001,-0.000002
2.213000,0.335786,0.000001,-0.000002
2.227000,0.338029,0.000001,-0.000002
2.244000,0.340751,0.000001,-0.000002
2.260000,0.343313,0.000001,-0.000002
2.274000,0.345554,0.000001,-0.000002
2.290000,0.348115,0.000001,-0.000002
2.307000,0.350834,0.000001,-0.000002
2.323000,0.353394,0.000001,-0.000002
2.337000,0.355632,0.000001,-0.000002
2.353000,0.358190,0.000001,-0.000002
2.369000,0.360747,0.000001,-0.000002
2.383000,0.362984,0.000001,-0.000002
2.400000,0.365700,0.000001,-0.000002
2.417000,0.368414,0.000001,-0.000002
2.434000,0.371128,0.000001,-0.000002
2.447000,0.373203,0.000001,-0.000002
2.464000,0.375916,0.000001,-0.000002
2.480000,0.378468,0.000001,-0.000002
2.498000,0.381339,0.000001,-0.000003
2.515000,0.384049,0.000001,-0.000003
2.532000,0.386758,0.000001,-0.000003
2.546000,0.388989,0.000001,-0.000003
2.560000,0.391219,0.000001,-0.000003
2.576000,0.393768,0.000002,-0.000003
2.593000,0.396472,0.000002,-0.000003
2.608000,0.398847,0.000002,-0.000003
2.626000,0.401691,0.000002,-0.000003
2.643000,0.404372,0.000002,-0.000003
2.659000,0.406888,0.000002,-0.000003
2.671000,0.408773,0.000002,-0.000003
2.688000,0.411437,0.000002,-0.000003
2.703000,0.413782,0.000002,-0.000003
2.716000,0.415812,0.000002,-0.000003
2.735000,0.418771,0.000002,-0.000003
2.751000,0.421257,0.000002,-0.000003
2.768000,0.423973,0.000002,-0.000003
2.781000,0.426063,0.000002,-0.000003
2.797000,0.428634,0.000002,-0.000003
2.812000,0.431043,0.000002,-0.000003
2.828000,0.433613,0.000002,-0.000003
2.844000,0.436182,0.000002,-0.000003
2.860000,0.438750,0.000002,-0.000003
2.877000,0.441478,0.000002,-0.000003
2.891000,0.443724,0.000002,-0.000003
2.908000,0.446451,0.000002,-0.000003
2.925000,0.449177,0.000002,-0.000003
2.938000,0.451261,0.000002,-0.000003
2.956000,0.454145,0.000002,-0.000003
2.971000,0.456548,0.000002,-0.000003
2.986000,0.458951,0.000002,-0.000003
3.000000,0.461193,0.000002,-0.000003
3.016000,0.463755,0.000002,-0.000003
3.033000,0.466475,0.000002,-0.000003
3.050000,0.469196,0.000002,-0.000003
3.064000,0.471435,0.000002,-0.000003
3.079000,0.473834,0.000002,-0.000003
3.095000,0.476392,0.000002,-0.000003
3.108000,0.478470,0.000002,-0.000003
3.125000,0.481187,0.000002,-0.000003
3.142000,0.483903,0.000002,-0.000003
3.158000,0.486458,0.000002,-0.000003
3.171000,0.488534,0.000002,-0.000003
3.188000,0.491248,0.000002,-0.000003
3.205000,0.493961,0.000002,-0.000003
3.220000,0.496354,0.000002,-0.000003
3.235000,0.498747,0.000002,-0.000004
3.252000,0.501458,0.000002,-0.000004
3.269000,0.504168,0.000002,-0.000004
3.283000,0.506399,0.000002,-0.000004
3.301000,0.509267,0.000002,-0.000004
3.315000,0.511497,0.000002,-0.000004
3.331000,0.514045,0.000002,-0.000004
3.343000,0.515951,0.000002,-0.000004
3.360000,0.518642,0.000002,-0.000004
3.377000,0.521327,0.000002,-0.000004
3.393000,0.523848,0.000002,-0.000004
3.404000,0.525579,0.000002,-0.000004
3.420000,0.528091,0.000002,-0.000004
3.436000,0.530599,0.000002,-0.000004
3.454000,0.533413,0.000002,-0.000004
3.470000,0.535909,0.000002,-0.000004
3.487000,0.538555,0.000002,-0.000004
3.503000,0.541073,0.000002,-0.000004
3.517000,0.543323,0.000002,-0.000004
3.535000,0.546216,0.000002,-0.000004
3.551000,0.548786,0.000002,-0.000004
3.567000,0.551355,0.000002,-0.000004
3.581000,0.553603,0.000002,-0.000004
3.597000,0.556171,0.000002,-0.000004
3.613000,0.558739,0.000002,-0.000004
3.629000,0.561306,0.000002,-0.000004
3.646000,0.564032,0.000002,-0.000004
3.662000,0.566598,0.000002,-0.000004
3.676000,0.568842,0.000002,-0.000004
3.689000,0.570926,0.000002,-0.000004
3.705000,0.573489,0.000002,-0.000004
3.719000,0.575732,0.000002,-0.000004
3.732000,0.577814,0.000002,-0.000004
3.749000,0.580536,0.000002,-0.000004
3.765000,0.583097,0.000002,-0.000004
3.781000,0.585657,0.000002,-0.000004
3.789000,0.586937,0.000002,-0.000004
3.805000,0.589496,0.000002,-0.000004
3.822000,0.592215,0.000002,-0.000004
3.839000,0.594932,0.000002,-0.000004
3.852000,0.597010,0.000002,-0.000004
3.869000,0.599727,0.000002,-0.000004
3.883000,0.601963,0.000002,-0.000004
3.898000,0.604359,0.000002,-0.000004
3.916000,0.607233,0.000002,-0.000004
3.932000,0.609786,0.000002,-0.000004
3.948000,0.612340,0.000002,-0.000004
3.963000,0.614733,0.000002,-0.000004
3.980000,0.617444,0.000002,-0.000004
3.996000,0.619995,0.000002,-0.000004
4.009000,0.622067,0.000002,-0.000004
4.027000,0.624936,0.000002,-0.000004
4.044000,0.627644,0.000002,-0.000004
4.060000,0.630193,0.000002,-0.000004
4.072000,0.632100,0.000002,-0.000004
4.088000,0.634634,0.000002,-0.000004
4.103000,0.637004,0.000002,-0.000004
4.116000,0.639055,0.000002,-0.000004
4.133000,0.641732,0.000002,-0.000004
4.150000,0.644403,0.000002,-0.000004
4.167000,0.647067,0.000002,-0.000004
4.181000,0.649257,0.000002,-0.000004
4.197000,0.651755,0.000002,-0.000004
4.212000,0.654091,0.000002,-0.000004
4.227000,0.656434,0.000002,-0.000004
4.244000,0.659167,0.000002,-0.000004
4.261000,0.661898,0.000002,-0.000004
4.276000,0.664308,0.000002,-0.000004
4.289000,0.666395,0.000002,-0.000005
4.306000,0.669125,0.000002,-0.000005
4.323000,0.671853,0.000002,-0.000005
4.338000,0.674260,0.000002,-0.000005
4.350000,0.676186,0.000002,-0.000005
4.366000,0.678752,0.000002,-0.000005
4.381000,0.681157,0.000002,-0.000005
4.395000,0.683401,0.000002,-0.000005
4.412000,0.686126,0.000002,-0.000005
4.429000,0.688850,0.000002,-0.000005
4.444000,0.691253,0.000002,-0.000005
4.459000,0.693655,0.000002,-0.000005
4.476000,0.696376,0.000002,-0.000005
4.493000,0.699097,0.000002,-0.000005
4.509000,0.701657,0.000002,-0.000005
4.527000,0.704537,0.000002,-0.000005
4.544000,0.707255,0.000002,-0.000005
4.559000,0.709654,0.000002,-0.000005
4.574000,0.712051,0.000002,-0.000005
4.590000,0.714608,0.000002,-0.000005
4.608000,0.717483,0.000002,-0.000005
4.622000,0.719719,0.000002,-0.000005
4.635000,0.721795,0.000002,-0.000005
4.651000,0.724349,0.000002,-0.000005
4.668000,0.727062,0.000002,-0.000005
4.685000,0.729774,0.000002,-0.000005
4.703000,0.732645,0.000002,-0.000005
4.720000,0.735355,0.000002,-0.000005
4.737000,0.738065,0.000002,-0.000005
4.750000,0.740137,0.000002,-0.000005
4.767000,0.742845,0.000002,-0.000005
4.783000,0.745394,0.000002,-0.000005
4.799000,0.747932,0.000002,-0.000005
4.816000,0.750621,0.000002,-0.000005
4.833000,0.753305,0.000002,-0.000005
4.848000,0.755668,0.000002,-0.000005
4.860000,0.757555,0.000002,-0.000005
4.877000,0.760223,0.000002,-0.000005
4.894000,0.762885,0.000002,-0.000005
4.910000,0.765385,0.000002,-0.000005
4.924000,0.767568,0.000002,-0.000005
4.941000,0.770214,0.000002,-0.000005
4.958000,0.772941,0.000002,-0.000005
4.972000,0.775190,0.000002,-0.000005
4.989000,0.777921,0.000002,-0.000005
5.006000,0.780651,0.000002,-0.000005
5.022000,0.783220,0.000002,-0.000005
5.037000,0.785628,0.000002,-0.000005
5.054000,0.788356,0.000002,-0.000005
5.069000,0.790762,0.000002,-0.000005
5.081000,0.792687,0.000002,-0.000005
5.098000,0.795412,0.000002,-0.000005
5.113000,0.797817,0.000002,-0.000005
5.128000,0.800221,0.000002,-0.000005
5.140000,0.802144,0.000002,-0.000005
5.157000,0.804867,0.000002,-0.000005
5.173000,0.807429,0.000002,-0.000005
5.187000,0.809671,0.000002,-0.000005
5.205000,0.812552,0.000002,-0.000005
5.222000,0.815272,0.000002,-0.000005
5.238000,0.817832,0.000002,-0.000005
5.252000,0.820071,0.000002,-0.000005
5.268000,0.822629,0.000002,-0.000005
5.283000,0.825027,0.000002,-0.000005
5.298000,0.827424,0.000002,-0.000005
5.315000,0.830140,0.000002,-0.000005
5.332000,0.832855,0.000002,-0.000005
5.348000,0.835410,0.000002,-0.000005
5.362000,0.837645,0.000002,-0.000005
5.379000,0.840358,0.000002,-0.000005
5.396000,0.843070,0.000002,-0.000005
5.409000,0.845144,0.000002,-0.000005
5.427000,0.848014,0.000002,-0.000005
5.444000,0.850724,0.000002,-0.000005
5.461000,0.853433,0.000002,-0.000005
5.475000,0.855664,0.000002,-0.000005
5.492000,0.858372,0.000002,-0.000005
5.507000,0.860754,0.000002,-0.000005
5.521000,0.862971,0.000002,-0.000005
5.539000,0.865815,0.000002,-0.000005
5.556000,0.868495,0.000002,-0.000005
5.572000,0.871012,0.000002,-0.000005
5.585000,0.873053,0.000002,-0.000005
5.602000,0.875717,0.000002,-0.000005
5.618000,0.878219,0.000002,-0.000005
5.629000,0.879935,0.000002,-0.000005
5.646000,0.882583,0.000002,-0.000005
5.663000,0.885279,0.000002,-0.000005
5.679000,0.887850,0.000002,-0.000005
5.693000,0.890100,0.000002,-0.000005
5.710000,0.892830,0.000002,-0.000005
5.727000,0.895559,0.000002,-0.000005
5.744000,0.898288,0.000002,-0.000005
5.761000,0.901016,0.000002,-0.000005
5.777000,0.903583,0.000002,-0.000005
5.794000,0.906310,0.000002,-0.000005
5.809000,0.908715,0.000002,-0.000005
5.825000,0.911280,0.000002,-0.000005
5.839000,0.913523,0.000002,-0.000005
5.855000,0.916087,0.000002,-0.000005
5.873000,0.918970,0.000002,-0.000005
5.889000,0.921532,0.000002,-0.000005
5.904000,0.923933,0.000002,-0.000005
5.914000,0.925534,0.000002,-0.000005
5.930000,0.928094,0.000002,-0.000005
5.947000,0.930813,0.000002,-0.000006
5.964000,0.933532,0.000002,-0.000006
5.982000,0.936410,0.000002,-0.000006
5.999000,0.939127,0.000002,-0.000006
6.016000,0.941844,0.000002,-0.000006
6.030000,0.944080,0.000002,-0.000006
6.047000,0.946795,0.000002,-0.000006
6.064000,0.949509,0.000002,-0.000006
6.080000,0.952063,0.000002,-0.000006
6.094000,0.954297,0.000002,-0.000006
6.109000,0.956690,0.000002,-0.000006
6.125000,0.959242,0.000002,-0.000006
6.141000,0.961793,0.000002,-0.000006
6.158000,0.964503,0.000002,-0.000006
6.175000,0.967212,0.000002,-0.000006
6.189000,0.969443,0.000002,-0.000006
6.202000,0.971514,0.000002,-0.000006
6.217000,0.973894,0.000002,-0.000006
6.233000,0.976427,0.000002,-0.000006
6.249000,0.978955,0.000002,-0.000006
6.264000,0.981319,0.000002,-0.000006
6.280000,0.983837,0.000002,-0.000006
6.297000,0.986505,0.000002,-0.000006
6.310000,0.988542,0.000002,-0.000006
6.328000,0.991356,0.000002,-0.000006
6.345000,0.994008,0.000002,-0.000006
6.362000,0.996669,0.000002,-0.000006
6.377000,0.999079,0.000002,-0.000006
6.394000,1.001810,0.000002,-0.000006
6.411000,1.004541,0.000002,-0.000006
6.427000,1.007110,0.000002,-0.000006
6.441000,1.009357,0.000002,-0.000006
6.458000,1.012085,0.000002,-0.000006
6.474000,1.014652,0.000002,-0.000006
6.489000,1.017058,0.000002,-0.000006
6.505000,1.019624,0.000002,-0.000006
6.522000,1.022349,0.000002,-0.000006
6.538000,1.024913,0.000002,-0.000006
6.553000,1.027317,0.000002,-0.000006
6.571000,1.030200,0.000002,-0.000006
6.587000,1.032762,0.000002,-0.000006
6.603000,1.035324,0.000002,-0.000006
6.615000,1.037244,0.000002,-0.000006
6.632000,1.039965,0.000002,-0.000006
6.649000,1.042684,0.000002,-0.000006
6.664000,1.045083,0.000002,-0.000006
6.679000,1.047481,0.000002,-0.000006
6.695000,1.050039,0.000002,-0.000006
6.712000,1.052755,0.000002,-0.000006
6.725000,1.054832,0.000002,-0.000006
6.742000,1.057547,0.000002,-0.000006
6.756000,1.059783,0.000002,-0.000006
6.773000,1.062497,0.000002,-0.000006
6.789000,1.065050,0.000002,-0.000006
6.806000,1.067763,0.000002,-0.000006
6.823000,1.070474,0.000002,-0.000006
6.837000,1.072707,0.000002,-0.000006
6.855000,1.075576,0.000002,-0.000006
6.871000,1.078126,0.000002,-0.000006
6.885000,1.080357,0.000002,-0.000006
6.899000,1.082587,0.000002,-0.000006
6.916000,1.085283,0.000002,-0.000006
6.933000,1.087973,0.000002,-0.000006
6.950000,1.090657,0.000002,-0.000006
6.965000,1.093020,0.000002,-0.000006
6.980000,1.095378,0.000002,-0.000006
6.996000,1.097889,0.000002,-0.000006
7.009000,1.099924,0.000002,-0.000006
7.026000,1.102581,0.000002,-0.000006
7.042000,1.105076,0.000002,-0.000006
7.056000,1.107281,0.000002,-0.000006
7.071000,1.109691,0.000002,-0.000006
7.088000,1.112422,0.000002,-0.000006
7.105000,1.115152,0.000002,-0.000006
7.122000,1.117881,0.000002,-0.000006
7.134000,1.119807,0.000002,-0.000006
7.151000,1.122535,0.000002,-0.000006
7.165000,1.124781,0.000002,-0.000006
7.181000,1.127347,0.000002,-0.000006
7.199000,1.130233,0.000002,-0.000006
7.216000,1.132958,0.000002,-0.000006
7.232000,1.135522,0.000002,-0.000006
7.244000,1.137445,0.000002,-0.000006
7.260000,1.140007,0.000002,-0.000006
7.277000,1.142730,0.000002,-0.000006
7.293000,1.145291,0.000002,-0.000006
7.311000,1.148172,0.000002,-0.000006
7.326000,1.150571,0.000002,-0.000006
7.342000,1.153131,0.000002,-0.000006
7.356000,1.155369,0.000002,-0.000006
7.373000,1.158087,0.000002,-0.000006
7.390000,1.160804,0.000002,-0.000006
7.406000,1.163361,0.000002,-0.000006
7.419000,1.165437,0.000002,-0.000006
7.434000,1.167833,0.000002,-0.000006
7.452000,1.170707,0.000002,-0.000006
7.468000,1.173261,0.000002,-0.000006
7.486000,1.176133,0.000002,-0.000006
7.502000,1.178685,0.000002,-0.000006
7.518000,1.181237,0.000002,-0.000006
7.532000,1.183469,0.000002,-0.000006
7.547000,1.185860,0.000002,-0.000006
7.564000,1.188569,0.000002,-0.000006
7.580000,1.191118,0.000002,-0.000006
7.593000,1.193182,0.000002,-0.000006
7.608000,1.195557,0.000002,-0.000006
7.625000,1.198244,0.000002,-0.000006
7.639000,1.200452,0.000002,-0.000006
7.657000,1.203285,0.000002,-0.000006
7.673000,1.205797,0.000002,-0.000006
7.690000,1.208461,0.000002,-0.000006
7.701000,1.210181,0.000002,-0.000006
7.718000,1.212835,0.000002,-0.000006
7.735000,1.215508,0.000002,-0.000006
7.751000,1.218079,0.000002,-0.000006
7.764000,1.220167,0.000002,-0.000006
7.781000,1.222897,0.000002,-0.000006
7.798000,1.225626,0.000002,-0.000006
7.813000,1.228033,0.000002,-0.000006
7.831000,1.230921,0.000002,-0.000006
7.847000,1.233488,0.000002,-0.000006
7.862000,1.235893,0.000002,-0.000006
7.876000,1.238137,0.000002,-0.000006
7.892000,1.240702,0.000002,-0.000006
7.908000,1.243266,0.000002,-0.000006
7.920000,1.245188,0.000002,-0.000006
7.939000,1.248231,0.000002,-0.000006
7.956000,1.250953,0.000002,-0.000006
7.971000,1.253354,0.000002,-0.000006
7.985000,1.255595,0.000002,-0.000006
8.001000,1.258155,0.000002,-0.000006
8.016000,1.260554,0.000002,-0.000006
8.034000,1.263432,0.000002,-0.000006
8.051000,1.266150,0.000002,-0.000006
8.066000,1.268547,0.000002,-0.000006
8.082000,1.271103,0.000002,-0.000006
8.094000,1.273020,0.000002,-0.000006
8.111000,1.275735,0.000002,-0.000006
8.127000,1.278289,0.000002,-0.000006
8.142000,1.280684,0.000002,-0.000006
8.157000,1.283077,0.000002,-0.000006
8.174000,1.285789,0.000002,-0.000006
8.189000,1.288181,0.000002,-0.000006
8.202000,1.290254,0.000002,-0.000006
8.220000,1.293123,0.000002,-0.000006
8.237000,1.295833,0.000002,-0.000006
8.253000,1.298379,0.000002,-0.000006
8.266000,1.300441,0.000002,-0.000006
8.283000,1.303131,0.000002,-0.000006
8.298000,1.305500,0.000002,-0.000006
8.313000,1.307864,0.000002,-0.000006
8.331000,1.310695,0.000002,-0.000006
8.348000,1.313362,0.000002,-0.000006
8.362000,1.315554,0.000002,-0.000006
8.373000,1.317274,0.000002,-0.000006
8.391000,1.320082,0.000002,-0.000006
8.408000,1.322799,0.000002,-0.000006
8.422000,1.325048,0.000002,-0.000006
8.437000,1.327456,0.000002,-0.000006
8.454000,1.330186,0.000002,-0.000006
8.470000,1.332754,0.000002,-0.000006
8.483000,1.334840,0.000002,-0.000006
8.501000,1.337727,0.000002,-0.000006
8.518000,1.340454,0.000002,-0.000006
8.535000,1.343179,0.000002,-0.000006
8.550000,1.345584,0.000002,-0.000006
8.567000,1.348308,0.000002,-0.000006
8.584000,1.351031,0.000002,-0.000006
8.600000,1.353594,0.000002,-0.000006
8.615000,1.355995,0.000002,-0.000006
8.631000,1.358556,0.000002,-0.000006
8.647000,1.361117,0.000002,-0.000006
8.662000,1.363517,0.000002,-0.000006
8.678000,1.366076,0.000002,-0.000006
8.693000,1.368474,0.000002,-0.000006
8.707000,1.370712,0.000002,-0.000006
8.724000,1.373429,0.000002,-0.000006
8.740000,1.375986,0.000002,-0.000006
8.756000,1.378541,0.000002,-0.000006
8.770000,1.380777,0.000002,-0.000006
8.787000,1.383491,0.000002,-0.000006
8.804000,1.386205,0.000002,-0.000006
8.818000,1.388439,0.000002,-0.000006
8.836000,1.391310,0.000002,-0.000006
8.853000,1.394021,0.000002,-0.000006
8.870000,1.396731,0.000002,-0.000006
8.883000,1.398803,0.000002,-0.000006
8.900000,1.401512,0.000002,-0.000006
8.917000,1.404213,0.000002,-0.000006
8.933000,1.406748,0.000002,-0.000006
8.946000,1.408803,0.000002,-0.000006
8.961000,1.411170,0.000002,-0.000006
8.979000,1.414004,0.000002,-0.000006
8.996000,1.416674,0.000002,-0.000006
9.014000,1.419495,0.000002,-0.000006
9.031000,1.422154,0.000002,-0.000006
9.048000,1.424810,0.000002,-0.000006
9.062000,1.427059,0.000002,-0.000006
9.078000,1.429629,0.000002,-0.000006
9.095000,1.432359,0.000002,-0.000006
9.109000,1.434606,0.000002,-0.000006
9.126000,1.437334,0.000002,-0.000006
9.144000,1.440222,0.000002,-0.000006
9.159000,1.442627,0.000002,-0.000006
9.177000,1.445514,0.000002,-0.000006
9.194000,1.448239,0.000002,-0.000006
9.208000,1.450482,0.000002,-0.000006
9.223000,1.452885,0.000002,-0.000006
9.240000,1.455608,0.000002,-0.000006
9.257000,1.458330,0.000002,-0.000006
9.273000,1.460892,0.000002,-0.000006
9.280000,1.462012,0.000002,-0.000006
9.295000,1.464412,0.000002,-0.000006
9.311000,1.466972,0.000002,-0.000006
9.326000,1.469371,0.000002,-0.000006
9.344000,1.472249,0.000002,-0.000006
9.360000,1.474807,0.000002,-0.000006
9.377000,1.477523,0.000002,-0.000006
9.391000,1.479760,0.000002,-0.000006
9.408000,1.482475,0.000002,-0.000006
9.424000,1.485030,0.000002,-0.000006
9.440000,1.487584,0.000002,-0.000006
9.455000,1.489978,0.000002,-0.000006
9.472000,1.492690,0.000002,-0.000006
9.488000,1.495242,0.000002,-0.000006
9.503000,1.497634,0.000002,-0.000006
9.519000,1.500185,0.000002,-0.000006
9.537000,1.503054,0.000002,-0.000006
9.554000,1.505756,0.000002,-0.000006
9.567000,1.507817,0.000002,-0.000006
9.584000,1.510506,0.000002,-0.000006
9.602000,1.513346,0.000002,-0.000006
9.615000,1.515394,0.000002,-0.000006
9.628000,1.517437,0.000002,-0.000006
9.645000,1.520105,0.000002,-0.000006
9.661000,1.522610,0.000002,-0.000006
9.674000,1.524641,0.000002,-0.000006
9.691000,1.527330,0.000002,-0.000006
9.708000,1.530061,0.000002,-0.000006
9.725000,1.532790,0.000002,-0.000006
9.742000,1.535519,0.000002,-0.000006
9.758000,1.538087,0.000002,-0.000006
9.774000,1.540654,0.000002,-0.000006
9.790000,1.543220,0.000002,-0.000006
9.807000,1.545946,0.000002,-0.000006
9.824000,1.548671,0.000002,-0.000006
9.840000,1.551235,0.000002,-0.000006
9.856000,1.553799,0.000002,-0.000006
9.872000,1.556361,0.000002,-0.000006
9.886000,1.558603,0.000002,-0.000006
9.900000,1.560844,0.000002,-0.000006
9.917000,1.563565,0.000002,-0.000006
9.933000,1.566125,0.000002,-0.000006
9.949000,1.568685,0.000002,-0.000006
9.963000,1.570924,0.000002,-0.000006
9.980000,1.573642,0.000002,-0.000006
9.997000,1.576359,0.000002,-0.000006
10.011000,1.578596,0.000002,-0.000006
10.024000,1.580673,0.000002,-0.000006
10.041000,1.583388,0.000002,-0.000006
10.056000,1.585783,0.000002,-0.000006
10.070000,1.588018,0.000002,-0.000006
10.087000,1.590731,0.000002,-0.000006
10.103000,1.593284,0.000002,-0.000006
10.119000,1.595836,0.000002,-0.000006
10.132000,1.597909,0.000002,-0.000006
10.149000,1.600620,0.000002,-0.000006
10.165000,1.603170,0.000002,-0.000006
10.180000,1.605556,0.000002,-0.000006
10.196000,1.608093,0.000002,-0.000006
10.210000,1.610308,0.000002,-0.000006
10.228000,1.613150,0.000002,-0.000006
10.240000,1.615041,0.000002,-0.000006
10.256000,1.617558,0.000002,-0.000006
10.271000,1.619912,0.000002,-0.000006
10.285000,1.622105,0.000002,-0.000006
10.303000,1.624919,0.000002,-0.000006
10.318000,1.627297,0.000002,-0.000006
10.335000,1.630027,0.000002,-0.000006
10.350000,1.632436,0.000002,-0.000006
10.367000,1.635164,0.000002,-0.000006
10.386000,1.638213,0.000002,-0.000006
10.402000,1.640780,0.000002,-0.000006
10.413000,1.642544,0.000002,-0.000006
10.430000,1.645270,0.000002,-0.000006
10.446000,1.647835,0.000002,-0.000006
10.460000,1.650079,0.000002,-0.000006
10.477000,1.652698,0.000003,0.000135
10.494000,1.655278,0.000003,0.000592
10.508000,1.657338,0.000005,0.001211
10.525000,1.659795,0.000010,0.002253
10.541000,1.662123,0.000016,0.003518
10.557000,1.664467,0.000026,0.005059
10.569000,1.666236,0.000036,0.006397
10.585000,1.668516,0.000053,0.008432
10.603000,1.671069,0.000078,0.011057
10.617000,1.673068,0.000103,0.013342
10.631000,1.675080,0.000132,0.015840
10.648000,1.677540,0.000175,0.019159
10.664000,1.679872,0.000224,0.022572
10.681000,1.682369,0.000286,0.026503
10.698000,1.684885,0.000358,0.030752
10.715000,1.687343,0.000439,0.035326
10.732000,1.689806,0.000533,0.040219
10.747000,1.691994,0.000627,0.044802
10.764000,1.694517,0.000747,0.050291
10.781000,1.697036,0.000882,0.056104
10.794000,1.698975,0.000997,0.060766
10.812000,1.701674,0.001200,0.067377
10.829000,1.704216,0.001397,0.073621
10.845000,1.706603,0.001581,0.079498
10.860000,1.708835,0.001753,0.085007
10.877000,1.711357,0.001948,0.091252
10.895000,1.714021,0.002154,0.097863
10.912000,1.716529,0.002347,0.104107
10.924000,1.718296,0.002483,0.108515
10.941000,1.720821,0.002733,0.114763
10.958000,1.723514,0.003052,0.121070
10.972000,1.725679,0.003322,0.126319
10.989000,1.728353,0.003655,0.132934
11.006000,1.730882,0.004003,0.139924
11.021000,1.733128,0.004328,0.146388
11.035000,1.735240,0.004647,0.152673
11.052000,1.737828,0.005056,0.160614
11.068000,1.740277,0.005463,0.168415
11.084000,1.742733,0.005891,0.176363
11.096000,1.744572,0.006225,0.182322
11.113000,1.747173,0.006716,0.190763
11.127000,1.749311,0.007137,0.197711
11.143000,1.751742,0.007635,0.205785
11.157000,1.753871,0.008087,0.212956
11.174000,1.756451,0.008657,0.221661
11.191000,1.759024,0.009249,0.230364
11.208000,1.761592,0.009864,0.239063
11.223000,1.763853,0.010424,0.246738
11.240000,1.766409,0.011081,0.255432
11.256000,1.768809,0.011718,0.263611
11.271000,1.771053,0.012334,0.271277
11.286000,1.773292,0.012966,0.278941
11.303000,1.775823,0.013704,0.287624
11.320000,1.778347,0.014463,0.296303
11.335000,1.780567,0.015152,0.303958
11.347000,1.782339,0.015714,0.310080
11.364000,1.784843,0.016530,0.318750
11.374000,1.786313,0.017020,0.323849
11.391000,1.788804,0.017870,0.332514
11.405000,1.790844,0.018568,0.339649
11.422000,1.793301,0.019378,0.348315
11.439000,1.795750,0.020186,0.356981
11.449000,1.797188,0.020660,0.362078
11.467000,1.799769,0.021510,0.371254
11.480000,1.801627,0.022123,0.377881
11.495000,1.803767,0.022827,0.385528
11.512000,1.806185,0.023623,0.394194
11.524000,1.807887,0.024182,0.400311
11.536000,1.809600,0.024831,0.406424
11.544000,1.810747,0.025328,0.410497
11.557000,1.812598,0.026142,0.417115
11.574000,1.815022,0.027231,0.425774
11.591000,1.817427,0.028335,0.434430
11.607000,1.819691,0.029398,0.442580
11.619000,1.821375,0.030203,0.448690
11.636000,1.823758,0.031364,0.457314
11.652000,1.825990,0.032474,0.465349
11.667000,1.828073,0.033531,0.472880
11.681000,1.830010,0.034531,0.479907
11.698000,1.832352,0.035764,0.488436
11.715000,1.834683,0.037016,0.496963
11.731000,1.836866,0.038212,0.504986
11.746000,1.838904,0.039348,0.512505
11.764000,1.841346,0.040737,0.521355
11.780000,1.843500,0.041986,0.529074
11.796000,1.845644,0.043251,0.536790
11.807000,1.847112,0.044130,0.542093
11.824000,1.849370,0.045504,0.550288
11.841000,1.851617,0.046896,0.558480
11.857000,1.853721,0.048222,0.566187
11.868000,1.855160,0.049143,0.571484
11.885000,1.857376,0.050582,0.579669
11.902000,1.859578,0.052038,0.587851
11.916000,1.861382,0.053250,0.594586
11.927000,1.862794,0.054211,0.599877
11.944000,1.864965,0.055710,0.608052
11.961000,1.867123,0.057227,0.616224
11.975000,1.868890,0.058489,0.622951
11.989000,1.870658,0.059708,0.629681
12.004000,1.872552,0.060980,0.636893
12.021000,1.874694,0.062417,0.645068
12.037000,1.876703,0.063766,0.652762
12.050000,1.878332,0.064859,0.659013
12.067000,1.880457,0.066284,0.667188
12.084000,1.882575,0.067704,0.675362
12.099000,1.884440,0.068953,0.682575
12.112000,1.886027,0.070160,0.688822
12.129000,1.888050,0.071840,0.696975
12.146000,1.890086,0.073562,0.705123
12.162000,1.891993,0.075199,0.712785
12.176000,1.893628,0.076623,0.719483
12.193000,1.895636,0.078398,0.727608
12.209000,1.897489,0.080063,0.735243
12.227000,1.899570,0.081962,0.743808
12.241000,1.901184,0.083457,0.750245
12.258000,1.903119,0.085276,0.757826
12.274000,1.904927,0.087000,0.764957
12.288000,1.906499,0.088518,0.771194
12.302000,1.908061,0.090046,0.777430
12.319000,1.909944,0.091914,0.785000
12.336000,1.911812,0.093796,0.792567
12.352000,1.913557,0.095580,0.799688
12.366000,1.915072,0.097150,0.805916
12.382000,1.916792,0.098956,0.813032
12.400000,1.918711,0.101001,0.821035
12.416000,1.920403,0.102831,0.828147
12.429000,1.921767,0.104327,0.833923
12.445000,1.923434,0.106179,0.841030
12.461000,1.925087,0.108041,0.848134
12.473000,1.926318,0.109446,0.853461
12.491000,1.928170,0.111587,0.861243
12.508000,1.929890,0.113606,0.868214
12.523000,1.931394,0.115395,0.874320
12.537000,1.932804,0.117040,0.880021
12.554000,1.934536,0.118984,0.886948
12.571000,1.936263,0.120922,0.893875
12.585000,1.937682,0.122514,0.899580
12.599000,1.939099,0.124102,0.905285
12.616000,1.940814,0.126026,0.912213
12.632000,1.942425,0.127830,0.918733
12.648000,1.944031,0.129630,0.925252
12.662000,1.945348,0.131389,0.930950
12.679000,1.946931,0.133534,0.937871
12.695000,1.948409,0.135565,0.944384
12.711000,1.949872,0.137601,0.950897
12.725000,1.951142,0.139393,0.956599
12.742000,1.952669,0.141575,0.963522
12.759000,1.954180,0.143768,0.970446
12.775000,1.955588,0.145840,0.976954
12.788000,1.956722,0.147530,0.982223
12.805000,1.958191,0.149749,0.989112
12.821000,1.959559,0.151845,0.995593
12.835000,1.960745,0.153686,1.001263
12.850000,1.962021,0.155692,1.007177
12.867000,1.963441,0.157956,1.013490
12.884000,1.964842,0.160221,1.019678
12.899000,1.966067,0.162226,1.025136
12.911000,1.967038,0.163835,1.029501
12.928000,1.968402,0.166120,1.035684
12.943000,1.969593,0.168143,1.041138
12.957000,1.970694,0.170037,1.046227
12.973000,1.971941,0.172207,1.052042
12.990000,1.973251,0.174520,1.058219
13.005000,1.974395,0.176568,1.063667
13.020000,1.975527,0.178621,1.069114
13.037000,1.976796,0.180954,1.075285
13.054000,1.978066,0.183276,1.081457
13.070000,1.979290,0.185418,1.087270
13.084000,1.980359,0.187288,1.092356
13.101000,1.981653,0.189553,1.098533
13.117000,1.982869,0.191679,1.104346
13.134000,1.984157,0.193931,1.110523
13.145000,1.984989,0.195386,1.114519
13.162000,1.986251,0.197657,1.120695
13.178000,1.987339,0.199926,1.126501
13.194000,1.988412,0.202200,1.132310
13.211000,1.989539,0.204626,1.138468
13.228000,1.990661,0.207080,1.144479
13.244000,1.991702,0.209388,1.149768
13.257000,1.992534,0.211258,1.153913
13.273000,1.993547,0.213563,1.159013
13.290000,1.994610,0.216017,1.164430
13.305000,1.995537,0.218186,1.169209
13.316000,1.996210,0.219780,1.172713
13.333000,1.997239,0.222246,1.178128
13.351000,1.998313,0.224863,1.183859
13.365000,1.999138,0.226902,1.188316
13.382000,2.000128,0.229383,1.193727
13.399000,2.001103,0.231867,1.199136
13.415000,2.002009,0.234210,1.204226
13.430000,2.002847,0.236410,1.208996
13.447000,2.003784,0.238908,1.214401
13.462000,2.004599,0.241115,1.219170
13.477000,2.005403,0.243326,1.223936
13.495000,2.006354,0.245983,1.229655
13.512000,2.007238,0.248496,1.235055
13.529000,2.008108,0.251014,1.240452
13.540000,2.008675,0.252665,1.243883
13.556000,2.009540,0.255029,1.248792
13.573000,2.010458,0.257536,1.254007
13.590000,2.011374,0.260036,1.259223
13.608000,2.012341,0.262677,1.264745
13.627000,2.013359,0.265456,1.270575
13.643000,2.014215,0.267790,1.275483
13.659000,2.014960,0.270194,1.280373
13.677000,2.015772,0.272939,1.285568
13.693000,2.016477,0.275366,1.289932
13.710000,2.017214,0.277947,1.294562
13.728000,2.017982,0.280683,1.299463
13.744000,2.018653,0.283117,1.303819
13.758000,2.019231,0.285249,1.307629
13.775000,2.019922,0.287840,1.312256
13.787000,2.020402,0.289670,1.315521
13.799000,2.020877,0.291501,1.318785
13.814000,2.021461,0.293792,1.322865
13.829000,2.022036,0.296085,1.326944
13.842000,2.022527,0.298074,1.330479
13.858000,2.023121,0.300523,1.334828
13.873000,2.023668,0.302820,1.338905
13.887000,2.024178,0.304997,1.342588
13.904000,2.024782,0.307625,1.346723
13.920000,2.025338,0.310086,1.350413
13.934000,2.025816,0.312241,1.353640
13.951000,2.026388,0.314859,1.357557
13.966000,2.026884,0.317171,1.361013
13.980000,2.027339,0.319329,1.364238
13.997000,2.027882,0.321951,1.368153
14.012000,2.028353,0.324265,1.371607
14.026000,2.028818,0.326411,1.374833
14.041000,2.029328,0.328699,1.378291
14.057000,2.029872,0.331134,1.381980
14.071000,2.030347,0.333260,1.385207
14.087000,2.030888,0.335684,1.388896
14.104000,2.031462,0.338254,1.392815
14.120000,2.031989,0.340678,1.396503
14.132000,2.032316,0.342550,1.399266
14.144000,2.032637,0.344423,1.402030
14.161000,2.033083,0.347077,1.405946
14.174000,2.033417,0.349107,1.408943
14.191000,2.033845,0.351763,1.412863
14.205000,2.034194,0.353977,1.415991
14.217000,2.034487,0.355870,1.418481
14.235000,2.034914,0.358692,1.421963
14.252000,2.035309,0.361356,1.425226
14.269000,2.035695,0.364020,1.428487
14.283000,2.036006,0.366215,1.431173
14.300000,2.036376,0.368880,1.434434
14.316000,2.036716,0.371389,1.437503
14.331000,2.037027,0.373742,1.440379
14.348000,2.037372,0.376408,1.443638
14.360000,2.037610,0.378291,1.445939
14.376000,2.037921,0.380801,1.449006
14.389000,2.038168,0.382840,1.451497
14.405000,2.038464,0.385351,1.454563
14.423000,2.038789,0.388176,1.458012
14.439000,2.039069,0.390687,1.461076
14.452000,2.039290,0.392727,1.463566
14.469000,2.039572,0.395395,1.466821
14.486000,2.039886,0.398046,1.470080
14.503000,2.040201,0.400689,1.473339
14.520000,2.040516,0.403325,1.476598
14.537000,2.040830,0.405956,1.479857
14.552000,2.041107,0.408271,1.482733
14.567000,2.041383,0.410582,1.485609
14.582000,2.041583,0.412963,1.488461
14.598000,2.041790,0.415524,1.491300
14.614000,2.041988,0.418065,1.493852
14.631000,2.042192,0.420759,1.496477
14.648000,2.042389,0.423453,1.499101
14.663000,2.042556,0.425830,1.501416
14.678000,2.042718,0.428206,1.503731
14.695000,2.042895,0.430899,1.506354
14.711000,2.043055,0.433433,1.508823
14.725000,2.043190,0.435650,1.510983
14.743000,2.043357,0.438500,1.513759
14.760000,2.043506,0.441192,1.516381
14.776000,2.043641,0.443725,1.518849
14.789000,2.043746,0.445783,1.520853
14.806000,2.043876,0.448473,1.523474
14.821000,2.043985,0.450847,1.525787
14.836000,2.044089,0.453220,1.528099
14.852000,2.044195,0.455773,1.530475
14.869000,2.044301,0.458477,1.532695
14.884000,2.044389,0.460854,1.534525
14.899000,2.044472,0.463229,1.536355
14.917000,2.044596,0.466069,1.538553
14.933000,2.044715,0.468585,1.540507
14.947000,2.044818,0.470781,1.542218
14.959000,2.044907,0.472661,1.543684
14.975000,2.045026,0.475162,1.545638
14.992000,2.045151,0.477814,1.547715
15.005000,2.045220,0.479864,1.549304
15.017000,2.045259,0.481775,1.550772
15.033000,2.045307,0.484323,1.552730
15.049000,2.045351,0.486870,1.554687
15.061000,2.045380,0.488780,1.556155
15.079000,2.045418,0.491645,1.558357
15.095000,2.045447,0.494190,1.560314
15.112000,2.045472,0.496894,1.562393
15.126000,2.045489,0.499120,1.564105
15.143000,2.045504,0.501823,1.566184
15.157000,2.045512,0.504048,1.567896
15.171000,2.045517,0.506292,1.569521
15.188000,2.045517,0.509005,1.571217
15.202000,2.045515,0.511232,1.572529
15.219000,2.045508,0.513935,1.574121
15.234000,2.045498,0.516320,1.575526
15.251000,2.045483,0.519022,1.577118
15.268000,2.045463,0.521723,1.578709
15.285000,2.045440,0.524424,1.580301
15.301000,2.045413,0.526965,1.581799
15.318000,2.045381,0.529663,1.583390
15.334000,2.045355,0.532200,1.584888
15.349000,2.045343,0.534569,1.586294
15.362000,2.045332,0.536619,1.587512
15.379000,2.045318,0.539294,1.589106
15.397000,2.045304,0.542120,1.590793
15.414000,2.045290,0.544783,1.592386
15.426000,2.045261,0.546681,1.593508
15.441000,2.045205,0.549074,1.594914
15.457000,2.045141,0.551625,1.596416
15.473000,2.045074,0.554175,1.597918
15.490000,2.044997,0.556903,1.599395
15.505000,2.044927,0.559298,1.600464
15.521000,2.044850,0.561850,1.601567
15.534000,2.044785,0.563922,1.602463
15.551000,2.044698,0.566632,1.603635
15.568000,2.044607,0.569341,1.604806
15.585000,2.044513,0.572049,1.605978
15.598000,2.044439,0.574119,1.606874
15.615000,2.044340,0.576825,1.608046
15.632000,2.044237,0.579530,1.609217
15.649000,2.044131,0.582235,1.610388
15.663000,2.044042,0.584462,1.611353
15.678000,2.043944,0.586846,1.612386
15.694000,2.043836,0.589390,1.613489
15.708000,2.043740,0.591614,1.614453
15.726000,2.043613,0.594473,1.615693
15.743000,2.043498,0.597170,1.616864
15.760000,2.043391,0.599857,1.618037
15.775000,2.043298,0.602223,1.619071
15.793000,2.043185,0.605057,1.620313
15.811000,2.043073,0.607883,1.621554
15.827000,2.042965,0.610405,1.622643
15.845000,2.042814,0.613288,1.623606
15.862000,2.042669,0.616002,1.624409
15.877000,2.042540,0.618397,1.625118
15.891000,2.042418,0.620631,1.625779
15.908000,2.042267,0.623343,1.626582
15.925000,2.042114,0.626054,1.627384
15.942000,2.041960,0.628765,1.628187
15.955000,2.041840,0.630837,1.628801
15.972000,2.041681,0.633546,1.629604
15.989000,2.041521,0.636253,1.630407
16.002000,2.041396,0.638324,1.631020
16.017000,2.041252,0.640711,1.631729
16.032000,2.041105,0.643099,1.632437
16.049000,2.040937,0.645803,1.633239
16.066000,2.040766,0.648507,1.634042
16.080000,2.040625,0.650733,1.634703
16.096000,2.040461,0.653276,1.635458
16.113000,2.040284,0.655989,1.636122
16.128000,2.040127,0.658374,1.636565
16.145000,2.039960,0.661070,1.637068
16.162000,2.039797,0.663760,1.637571
16.178000,2.039643,0.666285,1.638045
16.193000,2.039500,0.668648,1.638489
16.210000,2.039337,0.671321,1.638993
16.227000,2.039162,0.674014,1.639496
16.243000,2.038986,0.676569,1.639971
16.257000,2.038830,0.678805,1.640386
16.272000,2.038663,0.681199,1.640832
16.290000,2.038460,0.684071,1.641366
16.306000,2.038279,0.686624,1.641841
16.318000,2.038143,0.688537,1.642198
16.336000,2.037936,0.691407,1.642732
16.353000,2.037740,0.694117,1.643237
16.370000,2.037543,0.696825,1.643742
16.387000,2.037344,0.699533,1.644246
16.398000,2.037215,0.701285,1.644573
16.412000,2.037050,0.703513,1.644989
16.424000,2.036907,0.705430,1.645281
16.441000,2.036705,0.708137,1.645541
16.458000,2.036502,0.710844,1.645799
16.473000,2.036322,0.713231,1.646026
16.485000,2.036178,0.715141,1.646208
16.502000,2.035973,0.717845,1.646466
16.519000,2.035768,0.720548,1.646723
16.537000,2.035558,0.723401,1.646997
16.551000,2.035395,0.725615,1.647210
16.568000,2.035198,0.728299,1.647468
16.585000,2.035001,0.730976,1.647727
16.602000,2.034804,0.733650,1.647985
16.615000,2.034643,0.735727,1.648183
16.633000,2.034420,0.738602,1.648458
16.650000,2.034208,0.741316,1.648717
16.667000,2.033996,0.744029,1.648976
16.680000,2.033833,0.746104,1.649174
16.697000,2.033620,0.748816,1.649433
16.714000,2.033406,0.751527,1.649692
16.730000,2.033204,0.754077,1.649936
16.748000,2.032975,0.756951,1.650088
16.763000,2.032785,0.759343,1.650142
16.779000,2.032582,0.761893,1.650199
16.793000,2.032405,0.764124,1.650249
16.808000,2.032214,0.766514,1.650303
16.825000,2.031999,0.769222,1.650364
16.841000,2.031795,0.771769,1.650421
16.852000,2.031656,0.773521,1.650460
16.868000,2.031452,0.776067,1.650517
16.885000,2.031236,0.778772,1.650578
16.901000,2.031035,0.781313,1.650636
16.914000,2.030873,0.783373,1.650682
16.930000,2.030674,0.785904,1.650740
16.947000,2.030463,0.788586,1.650801
16.962000,2.030277,0.790948,1.650855
16.976000,2.030103,0.793157,1.650905
16.993000,2.029885,0.795874,1.650966
17.010000,2.029667,0.798589,1.651028
17.025000,2.029474,0.800985,1.651082
17.042000,2.029255,0.803700,1.651144
17.058000,2.029049,0.806257,1.651097
17.074000,2.028844,0.808811,1.651011
17.088000,2.028664,0.811046,1.650935
17.107000,2.028421,0.814078,1.650833
17.123000,2.028216,0.816631,1.650746
17.137000,2.028038,0.818864,1.650671
17.150000,2.027872,0.820937,1.650601
17.167000,2.027655,0.823647,1.650509
17.182000,2.027464,0.826037,1.650428
17.197000,2.027274,0.828428,1.650347
17.211000,2.027096,0.830658,1.650272
17.228000,2.026880,0.833365,1.650180
17.245000,2.026665,0.836072,1.650088
17.261000,2.026463,0.838617,1.650002
17.274000,2.026301,0.840679,1.649932
17.291000,2.026089,0.843371,1.649840
17.308000,2.025877,0.846056,1.649749
17.325000,2.025666,0.848736,1.649657
17.339000,2.025492,0.850949,1.649582
17.356000,2.025277,0.853669,1.649407
17.373000,2.025063,0.856388,1.649202
17.389000,2.024863,0.858945,1.649010
17.407000,2.024638,0.861822,1.648794
17.423000,2.024438,0.864379,1.648601
17.439000,2.024239,0.866934,1.648409
17.452000,2.024078,0.869011,1.648253
17.470000,2.023855,0.871885,1.648036
17.487000,2.023645,0.874598,1.647832
17.504000,2.023436,0.877311,1.647627
17.517000,2.023277,0.879385,1.647471
17.535000,2.023056,0.882256,1.647255
17.551000,2.022861,0.884807,1.647062
17.568000,2.022654,0.887517,1.646858
17.582000,2.022485,0.889748,1.646690
17.599000,2.022279,0.892457,1.646485
17.616000,2.022074,0.895164,1.646281
17.632000,2.021882,0.897704,1.646089
17.646000,2.021714,0.899923,1.645920
17.663000,2.021511,0.902611,1.645716
17.679000,2.021320,0.905135,1.645524
17.696000,2.021117,0.907828,1.645297
17.708000,2.020974,0.909749,1.645094
17.725000,2.020772,0.912469,1.644808
17.740000,2.020594,0.914868,1.644555
17.756000,2.020406,0.917427,1.644285
17.771000,2.020229,0.919825,1.644032
17.788000,2.020030,0.922542,1.643745
17.807000,2.019809,0.925578,1.643424
17.823000,2.019623,0.928135,1.643154
17.834000,2.019496,0.929891,1.642969
17.850000,2.019312,0.932447,1.642699
17.866000,2.019128,0.935001,1.642429
17.879000,2.018980,0.937076,1.642209
17.896000,2.018786,0.939789,1.641922
17.913000,2.018593,0.942501,1.641635
17.929000,2.018412,0.945053,1.641366
17.943000,2.018255,0.947285,1.641129
17.960000,2.018064,0.949994,1.640842
17.976000,2.017885,0.952537,1.640572
17.992000,2.017706,0.955074,1.640302
18.007000,2.017539,0.957448,1.640049
18.024000,2.017349,0.960133,1.639762
18.042000,2.017150,0.962995,1.639429
18.059000,2.016964,0.965717,1.639087
18.077000,2.016767,0.968598,1.638725
18.092000,2.016604,0.970998,1.638423
18.110000,2.016410,0.973878,1.638061
18.125000,2.016249,0.976277,1.637760
18.142000,2.016067,0.978995,1.637418
18.159000,2.015886,0.981712,1.637076
18.176000,2.015706,0.984429,1.636734
18.190000,2.015559,0.986666,1.636452
18.206000,2.015391,0.989222,1.636130
18.221000,2.015235,0.991617,1.635829
18.235000,2.015090,0.993853,1.635547
18.253000,2.014904,0.996726,1.635185
18.270000,2.014729,0.999439,1.634843
18.286000,2.014566,1.001991,1.634521
18.296000,2.014464,1.003585,1.634307
18.314000,2.014281,1.006445,1.633915
18.331000,2.014107,1.009141,1.633544
18.347000,2.013945,1.011673,1.633195
18.359000,2.013823,1.013568,1.632933
18.376000,2.013654,1.016284,1.632562
18.393000,2.013486,1.019007,1.632191
18.409000,2.013329,1.021569,1.631842
18.421000,2.013212,1.023490,1.631580
18.438000,2.013047,1.026211,1.631209
18.455000,2.012883,1.028932,1.630838
18.471000,2.012729,1.031491,1.630488
18.484000,2.012605,1.033570,1.630204
18.501000,2.012444,1.036289,1.629833
18.519000,2.012275,1.039166,1.629440
18.534000,2.012135,1.041564,1.629113
18.545000,2.012032,1.043321,1.628872
18.560000,2.011893,1.045718,1.628545
18.577000,2.011737,1.048433,1.628174
18.594000,2.011581,1.051147,1.627802
18.607000,2.011463,1.053223,1.627512
18.625000,2.011300,1.056092,1.627108
18.642000,2.011144,1.058794,1.626726
18.658000,2.010999,1.061332,1.626367
18.673000,2.010862,1.063706,1.626031
18.689000,2.010718,1.066243,1.625671
18.706000,2.010569,1.068968,1.625289
18.719000,2.010456,1.071050,1.624997
18.736000,2.010309,1.073774,1.624616
18.751000,2.010180,1.076176,1.624279
18.765000,2.010060,1.078417,1.623964
18.781000,2.009924,1.080978,1.623605
18.798000,2.009781,1.083699,1.623223
18.815000,2.009639,1.086418,1.622841
18.829000,2.009523,1.088658,1.622526
18.843000,2.009407,1.090896,1.622212
18.860000,2.009268,1.093614,1.621830
18.877000,2.009130,1.096331,1.621448
18.893000,2.009001,1.098888,1.621088
18.906000,2.008896,1.100965,1.620796
18.923000,2.008761,1.103680,1.620418
18.939000,2.008633,1.106231,1.620062
18.955000,2.008505,1.108775,1.619707
18.973000,2.008361,1.111632,1.619307
18.991000,2.008217,1.114481,1.618907
19.004000,2.008116,1.116552,1.618618
19.018000,2.008009,1.118796,1.618306
19.035000,2.007880,1.121521,1.617928
19.052000,2.007752,1.124244,1.617550
19.069000,2.007625,1.126967,1.617172
19.081000,2.007536,1.128889,1.616905
19.098000,2.007411,1.131611,1.616527
19.114000,2.007294,1.134172,1.616171
19.130000,2.007179,1.136732,1.615815
19.144000,2.007078,1.138972,1.615504
19.161000,2.006957,1.141691,1.615126
19.178000,2.006837,1.144409,1.614747
19.194000,2.006725,1.146967,1.614391
19.211000,2.006607,1.149684,1.614013
19.228000,2.006490,1.152400,1.613635
19.243000,2.006387,1.154793,1.613314
19.255000,2.006303,1.156703,1.613058
19.272000,2.006186,1.159405,1.612695
19.288000,2.006075,1.161941,1.612353
19.305000,2.005959,1.164640,1.611990
19.316000,2.005886,1.166404,1.611755
19.333000,2.005775,1.169129,1.611392
19.349000,2.005671,1.171693,1.611050
19.364000,2.005575,1.174096,1.610730
19.376000,2.005498,1.176019,1.610473
19.393000,2.005391,1.178741,1.610110
19.410000,2.005284,1.181463,1.609747
19.425000,2.005191,1.183864,1.609426
19.440000,2.005099,1.186264,1.609106
19.457000,2.004995,1.188984,1.608743
19.474000,2.004892,1.191703,1.608379
19.490000,2.004797,1.194262,1.608038
19.505000,2.004708,1.196660,1.607717
19.522000,2.004608,1.199377,1.607354
19.537000,2.004520,1.201772,1.607033
19.553000,2.004426,1.204321,1.606691
19.570000,2.004325,1.207023,1.606328
19.587000,2.004225,1.209718,1.605964
19.602000,2.004138,1.212101,1.605649
19.616000,2.004060,1.214346,1.605370
19.633000,2.003966,1.217071,1.605031
19.648000,2.003884,1.219476,1.604731
19.665000,2.003792,1.222200,1.604392
19.680000,2.003712,1.224603,1.604093
19.698000,2.003617,1.227485,1.603734
19.715000,2.003527,1.230207,1.603395
19.729000,2.003455,1.232448,1.603115
19.744000,2.003377,1.234849,1.602816
19.761000,2.003291,1.237568,1.602477
19.778000,2.003205,1.240287,1.602138
19.793000,2.003130,1.242686,1.601838
19.806000,2.003066,1.244764,1.601579
19.823000,2.002983,1.247481,1.601240
19.840000,2.002899,1.250193,1.600900
19.856000,2.002819,1.252739,1.600581
19.864000,2.002780,1.254010,1.600421
19.880000,2.002700,1.256548,1.600102
19.897000,2.002618,1.259252,1.599772
19.912000,2.002549,1.261657,1.599498
19.930000,2.002466,1.264543,1.599170
19.945000,2.002399,1.266947,1.598896
19.961000,2.002327,1.269511,1.598605
19.975000,2.002265,1.271754,1.598349
19.992000,2.002190,1.274476,1.598039
20.008000,2.002121,1.277038,1.597747
20.023000,2.002056,1.279439,1.597474
20.036000,2.002001,1.281520,1.597236
20.053000,2.001930,1.284240,1.596926
20.070000,2.001859,1.286959,1.596616
20.086000,2.001793,1.289518,1.596324
20.099000,2.001741,1.291596,1.596087
20.116000,2.001672,1.294313,1.595777
20.133000,2.001603,1.297023,1.595467
20.149000,2.001537,1.299568,1.595174
20.162000,2.001484,1.301632,1.594937
20.179000,2.001414,1.304325,1.594627
20.195000,2.001353,1.306891,1.594364
20.211000,2.001293,1.309457,1.594102
20.225000,2.001241,1.311701,1.593873
20.242000,2.001179,1.314425,1.593594
20.259000,2.001117,1.317149,1.593316
20.276000,2.001056,1.319872,1.593037
20.290000,2.001007,1.322113,1.592808
20.307000,2.000947,1.324835,1.592529
20.324000,2.000888,1.327555,1.592251
20.340000,2.000834,1.330115,1.591989
20.353000,2.000790,1.332195,1.591776
20.370000,2.000733,1.334913,1.591497
20.387000,2.000678,1.337631,1.591219
20.403000,2.000625,1.340188,1.590956
20.416000,2.000582,1.342261,1.590743
20.433000,2.000525,1.344965,1.590465
20.450000,2.000469,1.347664,1.590186
20.464000,2.000423,1.349886,1.589956
20.482000,2.000368,1.352773,1.589661
20.498000,2.000320,1.355338,1.589427
20.513000,2.000276,1.357742,1.589210
20.527000,2.000234,1.359985,1.589008
20.545000,2.000182,1.362868,1.588748
20.562000,2.000134,1.365591,1.588502
20.578000,2.000089,1.368152,1.588271
20.592000,2.000050,1.370393,1.588069
20.609000,2.000003,1.373113,1.587823
20.626000,1.999957,1.375833,1.587578
20.640000,1.999920,1.378072,1.587375
20.652000,1.999888,1.379991,1.587202
20.669000,1.999844,1.382708,1.586956
20.683000,1.999807,1.384943,1.586754
20.699000,1.999764,1.387490,1.586523
20.712000,1.999730,1.389556,1.586335
20.729000,1.999685,1.392253,1.586089
20.748000,1.999638,1.395294,1.585814
20.766000,1.999595,1.398180,1.585554
20.784000,1.999553,1.401065,1.585293
20.801000,1.999513,1.403788,1.585077
20.814000,1.999484,1.405870,1.584915
20.830000,1.999448,1.408433,1.584714
20.848000,1.999408,1.411314,1.584489
20.865000,1.999371,1.414035,1.584276
20.881000,1.999337,1.416595,1.584075
20.893000,1.999312,1.418514,1.583925
20.910000,1.999276,1.421233,1.583712
20.925000,1.999246,1.423631,1.583524
20.940000,1.999215,1.426029,1.583336
20.954000,1.999186,1.428261,1.583161
20.971000,1.999151,1.430967,1.582948
20.988000,1.999115,1.433666,1.582735
21.002000,1.999087,1.435895,1.582559
21.014000,1.999064,1.437819,1.582409
21.032000,1.999031,1.440704,1.582183
21.048000,1.999002,1.443268,1.581982
21.061000,1.998979,1.445351,1.581819
21.074000,1.998956,1.447433,1.581656
21.091000,1.998927,1.450155,1.581443
21.108000,1.998898,1.452877,1.581257
21.124000,1.998872,1.455437,1.581086
21.137000,1.998851,1.457517,1.580948
21.154000,1.998823,1.460236,1.580766
21.171000,1.998796,1.462955,1.580585
21.187000,1.998772,1.465512,1.580415
21.200000,1.998751,1.467589,1.580276
21.217000,1.998724,1.470297,1.580094
21.233000,1.998699,1.472840,1.579924
21.249000,1.998673,1.475378,1.579753
21.263000,1.998653,1.477623,1.579604
21.280000,1.998629,1.480348,1.579422
21.298000,1.998605,1.483232,1.579230
21.314000,1.998583,1.485795,1.579059
21.329000,1.998564,1.488198,1.578899
21.346000,1.998542,1.490920,1.578717
21.363000,1.998521,1.493641,1.578536
21.379000,1.998501,1.496201,1.578365
21.397000,1.998479,1.499081,1.578173
21.414000,1.998460,1.501799,1.577991
21.431000,1.998440,1.504517,1.577838
21.446000,1.998423,1.506914,1.577704
21.463000,1.998403,1.509623,1.577553
21.480000,1.998383,1.512326,1.577402
21.497000,1.998363,1.515025,1.577251
21.510000,1.998350,1.517109,1.577135
21.527000,1.998333,1.519833,1.576984
21.544000,1.998316,1.522557,1.576832
21.559000,1.998302,1.524960,1.576699
21.574000,1.998288,1.527362,1.576565
21.591000,1.998273,1.530084,1.576414
21.603000,1.998262,1.532004,1.576307
21.618000,1.998249,1.534405,1.576174
21.633000,1.998236,1.536805,1.576040
21.650000,1.998222,1.539524,1.575889
21.666000,1.998209,1.542082,1.575747
21.682000,1.998197,1.544640,1.575604
21.696000,1.998186,1.546875,1.575480
21.713000,1.998172,1.549582,1.575328
21.730000,1.998158,1.552283,1.575177
21.747000,1.998145,1.554992,1.575037
21.763000,1.998135,1.557556,1.574921
21.780000,1.998124,1.560280,1.574798
21.797000,1.998113,1.563003,1.574675
21.814000,1.998102,1.565725,1.574552
21.828000,1.998094,1.567967,1.574450
21.845000,1.998084,1.570687,1.574327
21.862000,1.998075,1.573408,1.574204
21.876000,1.998067,1.575647,1.574103
21.890000,1.998060,1.577886,1.574001
21.907000,1.998052,1.580604,1.573878
21.923000,1.998044,1.583162,1.573763
21.938000,1.998036,1.585554,1.573654
21.952000,1.998029,1.587783,1.573553
21.969000,1.998020,1.590484,1.573429
21.986000,1.998012,1.593199,1.573306
22.001000,1.998006,1.595602,1.573198
22.013000,1.998002,1.597525,1.573111
22.030000,1.997996,1.600248,1.572987
22.047000,1.997990,1.602970,1.572887
22.065000,1.997984,1.605851,1.572784
22.077000,1.997980,1.607772,1.572714
22.094000,1.997975,1.610492,1.572616
22.110000,1.997970,1.613051,1.572524
22.128000,1.997966,1.615929,1.572420
22.143000,1.997962,1.618327,1.572334
22.160000,1.997958,1.621043,1.572236
22.176000,1.997953,1.623592,1.572143
22.192000,1.997949,1.626136,1.572051
22.204000,1.997945,1.628042,1.571982
22.221000,1.997942,1.630766,1.571884
22.238000,1.997939,1.633490,1.571786
22.253000,1.997937,1.635892,1.571699
22.269000,1.997935,1.638454,1.571607
22.285000,1.997933,1.641016,1.571514
22.301000,1.997931,1.643576,1.571422
22.315000,1.997930,1.645816,1.571341
22.332000,1.997928,1.648535,1.571243
22.349000,1.997927,1.651254,1.571145
22.365000,1.997927,1.653716,1.571177
22.380000,1.997923,1.655929,1.571430
22.396000,1.997918,1.658272,1.571726
22.411000,1.997914,1.660464,1.572004
22.425000,1.997910,1.662503,1.572305
22.437000,1.997907,1.664213,1.572722
22.455000,1.997901,1.666695,1.573650
22.470000,1.997894,1.668747,1.574694
22.485000,1.997884,1.670811,1.575981
22.498000,1.997873,1.672612,1.577293
22.515000,1.997855,1.674981,1.579284
22.532000,1.997832,1.677369,1.581589
22.546000,1.997808,1.679348,1.583723
22.560000,1.997779,1.681340,1.586070
22.578000,1.997731,1.683919,1.589393
22.595000,1.997665,1.686361,1.592638
22.611000,1.997602,1.688652,1.595693
22.625000,1.997548,1.690636,1.598392
22.642000,1.997478,1.692999,1.601934
22.660000,1.997393,1.695522,1.606033
22.677000,1.997303,1.697925,1.610237
22.691000,1.997220,1.699917,1.613942
22.708000,1.997108,1.702354,1.618735
22.725000,1.996982,1.704810,1.623854
22.741000,1.996852,1.707139,1.628969
22.758000,1.996698,1.709634,1.634722
22.774000,1.996537,1.711997,1.640432
22.789000,1.996371,1.714205,1.645881
22.803000,1.996215,1.716261,1.650967
22.820000,1.996020,1.718746,1.657162
22.837000,1.995796,1.721230,1.663624
22.851000,1.995597,1.723290,1.669200
22.868000,1.995338,1.725811,1.676283
22.884000,1.995075,1.728202,1.683262
22.901000,1.994774,1.730763,1.691010
22.918000,1.994450,1.733344,1.699104
22.934000,1.994123,1.735792,1.707038
22.952000,1.993729,1.738559,1.716201
22.969000,1.993335,1.741161,1.724858
22.987000,1.992915,1.743894,1.734022
23.002000,1.992567,1.746164,1.741660
23.019000,1.992118,1.748760,1.750307
23.032000,1.991750,1.750742,1.757001
23.049000,1.991247,1.753336,1.765889
23.066000,1.990722,1.755924,1.774774
23.081000,1.990240,1.758204,1.782611
23.094000,1.989807,1.760176,1.789401
23.111000,1.989222,1.762749,1.798278
23.128000,1.988614,1.765317,1.807152
23.142000,1.988096,1.767426,1.814458
23.159000,1.987461,1.769980,1.823327
23.176000,1.986840,1.772523,1.832198
23.192000,1.986258,1.774909,1.840547
23.204000,1.985754,1.776706,1.846800
23.221000,1.985021,1.779244,1.855656
23.237000,1.984310,1.781627,1.863988
23.252000,1.983627,1.783855,1.871797
23.265000,1.983020,1.785782,1.878562
23.282000,1.982208,1.788293,1.887407
23.299000,1.981373,1.790797,1.896248
23.313000,1.980670,1.792853,1.903526
23.325000,1.980054,1.794612,1.909720
23.341000,1.979244,1.796950,1.917955
23.359000,1.978346,1.799571,1.927220
23.375000,1.977511,1.801897,1.935453
23.393000,1.976499,1.804507,1.944706
23.410000,1.975521,1.806962,1.953441
23.427000,1.974522,1.809408,1.962174
23.442000,1.973623,1.811559,1.969876
23.459000,1.972585,1.813987,1.978603
23.476000,1.971526,1.816405,1.987327
23.491000,1.970574,1.818531,1.995022
23.506000,1.969623,1.820650,2.002716
23.521000,1.968686,1.822764,2.010411
23.536000,1.967742,1.824873,2.018105
23.552000,1.966654,1.827111,2.026302
23.568000,1.965549,1.829340,2.034497
23.585000,1.964355,1.831698,2.043200
23.599000,1.963357,1.833632,2.050366
23.616000,1.962127,1.835969,2.059064
23.633000,1.960876,1.838295,2.067759
23.649000,1.959681,1.840473,2.075939
23.666000,1.958401,1.842791,2.084496
23.680000,1.957361,1.844696,2.091491
23.698000,1.956006,1.847133,2.100482
23.715000,1.954657,1.849412,2.108830
23.730000,1.953451,1.851412,2.116182
23.743000,1.952395,1.853137,2.122552
23.760000,1.950998,1.855383,2.130880
23.776000,1.949666,1.857486,2.138716
23.793000,1.948233,1.859708,2.147039
23.810000,1.946786,1.861918,2.155359
23.828000,1.945274,1.864256,2.164171
23.843000,1.944000,1.866196,2.171514
23.855000,1.942939,1.867734,2.177381
23.872000,1.941419,1.869901,2.185690
23.887000,1.940064,1.871802,2.193020
23.903000,1.938604,1.873819,2.200836
23.920000,1.937036,1.875948,2.209137
23.937000,1.935450,1.878064,2.217436
23.950000,1.934238,1.879676,2.223781
23.968000,1.932573,1.881906,2.232566
23.983000,1.931140,1.883745,2.239882
23.999000,1.929586,1.885692,2.247682
24.017000,1.927807,1.887883,2.256336
24.034000,1.926118,1.889930,2.264142
24.049000,1.924617,1.891721,2.270985
24.066000,1.922901,1.893739,2.278738
24.082000,1.921304,1.895639,2.286037
24.094000,1.920102,1.897059,2.291510
24.113000,1.918135,1.899276,2.300168
24.127000,1.916674,1.900899,2.306546
24.140000,1.915308,1.902396,2.312466
24.156000,1.913615,1.904228,2.319751
24.173000,1.911803,1.906160,2.327489
24.189000,1.910093,1.907970,2.334770
24.205000,1.908395,1.909778,2.342052
24.220000,1.906760,1.911451,2.348875
24.233000,1.905331,1.912890,2.354785
24.250000,1.903451,1.914758,2.362512
24.267000,1.901557,1.916612,2.370236
24.282000,1.899874,1.918235,2.377049
24.298000,1.898087,1.919963,2.384318
24.317000,1.895938,1.921995,2.392944
24.334000,1.893988,1.923791,2.400658
24.348000,1.892372,1.925259,2.407009
24.363000,1.890630,1.926819,2.413811
24.378000,1.888859,1.928386,2.420473
24.390000,1.887453,1.929639,2.425694
24.406000,1.885562,1.931287,2.432593
24.423000,1.883538,1.933009,2.439660
24.440000,1.881502,1.934716,2.446712
24.454000,1.879817,1.936111,2.452518
24.470000,1.877895,1.937703,2.459152
24.487000,1.875832,1.939375,2.466199
24.501000,1.874119,1.940737,2.472000
24.519000,1.871907,1.942473,2.479457
24.536000,1.869815,1.944104,2.486498
24.551000,1.867953,1.945527,2.492708
24.565000,1.866205,1.946843,2.498503
24.582000,1.864074,1.948428,2.505537
24.597000,1.862190,1.949819,2.511744
24.610000,1.860544,1.951010,2.517120
24.628000,1.858256,1.952646,2.524563
24.643000,1.856343,1.953998,2.530764
24.659000,1.854290,1.955425,2.537375
24.671000,1.852744,1.956486,2.542332
24.688000,1.850544,1.957976,2.549353
24.704000,1.848464,1.959364,2.555959
24.718000,1.846637,1.960567,2.561737
24.732000,1.844778,1.961777,2.567421
24.749000,1.842519,1.963226,2.574018
24.765000,1.840399,1.964567,2.579974
24.782000,1.838139,1.965977,2.586273
24.797000,1.836138,1.967210,2.591829
24.814000,1.833862,1.968593,2.598124
24.830000,1.831712,1.969882,2.604048
24.845000,1.829689,1.971079,2.609600
24.862000,1.827389,1.972421,2.615891
24.878000,1.825216,1.973672,2.621810
24.893000,1.823173,1.974833,2.627358
24.906000,1.821396,1.975829,2.632165
24.923000,1.819066,1.977120,2.638449
24.938000,1.817003,1.978246,2.643993
24.954000,1.814796,1.979435,2.649905
24.965000,1.813275,1.980245,2.653968
24.982000,1.810917,1.981485,2.660246
24.998000,1.808691,1.982638,2.666153
25.011000,1.806877,1.983565,2.670952
25.029000,1.804359,1.984834,2.677594
25.045000,1.802113,1.985948,2.683497
25.062000,1.799720,1.987118,2.689766
25.077000,1.797573,1.988152,2.695192
25.094000,1.795141,1.989306,2.701038
25.111000,1.792719,1.990438,2.706605
25.127000,1.790437,1.991491,2.711809
25.139000,1.788721,1.992272,2.715710
25.156000,1.786286,1.993367,2.721236
25.173000,1.783844,1.994449,2.726761
25.187000,1.781829,1.995330,2.731310
25.205000,1.779233,1.996449,2.737157
25.220000,1.777064,1.997370,2.742028
25.237000,1.774600,1.998401,2.747548
25.249000,1.772858,1.999121,2.751443
25.266000,1.770385,2.000129,2.756960
25.283000,1.767906,2.001123,2.762476
25.300000,1.765422,2.002103,2.767990
25.314000,1.763373,2.002900,2.772530
25.331000,1.760879,2.003856,2.778042
25.348000,1.758380,2.004797,2.783552
25.365000,1.755876,2.005725,2.789062
25.379000,1.753810,2.006479,2.793597
25.396000,1.751296,2.007382,2.799103
25.411000,1.749074,2.008167,2.803960
25.427000,1.746672,2.009003,2.809054
25.444000,1.744116,2.009878,2.814172
25.461000,1.741574,2.010733,2.819002
25.478000,1.739032,2.011575,2.823764
25.492000,1.736936,2.012259,2.827685
25.510000,1.734238,2.013126,2.832725
25.526000,1.731835,2.013886,2.837204
25.541000,1.729580,2.014588,2.841403
25.554000,1.727622,2.015190,2.845041
25.571000,1.725060,2.015965,2.849797
25.587000,1.722645,2.016683,2.854272
25.602000,1.720377,2.017347,2.858467
25.616000,1.718259,2.017958,2.862382
25.633000,1.715683,2.018689,2.867134
25.650000,1.713104,2.019408,2.871886
25.666000,1.710674,2.020073,2.876357
25.678000,1.708849,2.020564,2.879709
25.695000,1.706261,2.021250,2.884457
25.714000,1.703364,2.022003,2.889763
25.730000,1.700922,2.022624,2.894230
25.747000,1.698325,2.023273,2.898975
25.763000,1.695842,2.023881,2.903314
25.777000,1.693675,2.024403,2.906899
25.790000,1.691674,2.024877,2.910051
25.807000,1.689060,2.025487,2.914081
25.822000,1.686752,2.026016,2.917636
25.837000,1.684442,2.026538,2.921190
25.851000,1.682284,2.027016,2.924507
25.868000,1.679662,2.027588,2.928534
25.885000,1.677037,2.028150,2.932560
25.900000,1.674720,2.028636,2.936112
25.911000,1.673019,2.028988,2.938716
25.929000,1.670234,2.029554,2.942977
25.946000,1.667602,2.030077,2.947001
25.962000,1.665122,2.030560,2.950787
25.977000,1.662796,2.031004,2.954335
25.994000,1.660158,2.031498,2.958357
26.012000,1.657363,2.032009,2.962613
26.028000,1.654876,2.032453,2.966397
26.043000,1.652543,2.032861,2.969943
26.060000,1.649898,2.033313,2.973961
26.076000,1.647406,2.033729,2.977742
26.092000,1.644882,2.034142,2.981417
26.110000,1.642048,2.034593,2.985258
26.126000,1.639544,2.034983,2.988440
26.142000,1.637041,2.035364,2.991586
26.158000,1.634537,2.035738,2.994732
26.175000,1.631875,2.036127,2.998074
26.192000,1.629212,2.036506,3.001416
26.208000,1.626705,2.036855,3.004560
26.223000,1.624353,2.037175,3.007507
26.240000,1.621686,2.037530,3.010847
26.257000,1.619019,2.037875,3.014187
26.273000,1.616507,2.038193,3.017329
26.288000,1.614151,2.038483,3.020275
26.305000,1.611480,2.038803,3.023612
26.322000,1.608808,2.039114,3.026949
26.338000,1.606292,2.039399,3.030090
26.351000,1.604248,2.039625,3.032641
26.369000,1.601416,2.039929,3.036173
26.386000,1.598740,2.040207,3.039508
26.401000,1.596378,2.040445,3.042450
26.412000,1.594627,2.040617,3.044564
26.429000,1.591920,2.040876,3.047613
26.445000,1.589389,2.041110,3.050247
26.461000,1.586862,2.041338,3.052800
26.476000,1.584492,2.041546,3.055194
26.493000,1.581806,2.041774,3.057906
26.510000,1.579120,2.041995,3.060618
26.526000,1.576591,2.042196,3.063170
26.540000,1.574377,2.042367,3.065403
26.557000,1.571689,2.042568,3.068114
26.574000,1.569000,2.042762,3.070825
26.590000,1.566469,2.042938,3.073376
26.604000,1.564254,2.043086,3.075607
26.621000,1.561564,2.043260,3.078317
26.638000,1.558874,2.043426,3.081026
26.654000,1.556341,2.043576,3.083576
26.669000,1.553966,2.043710,3.085965
26.686000,1.551274,2.043856,3.088673
26.703000,1.548582,2.043994,3.091381
26.719000,1.546048,2.044118,3.093929
26.735000,1.543492,2.044236,3.096417
26.751000,1.540935,2.044348,3.098687
26.767000,1.538393,2.044454,3.100751
26.783000,1.535853,2.044555,3.102771
26.795000,1.533948,2.044627,3.104285
26.812000,1.531249,2.044724,3.106430
26.830000,1.528391,2.044821,3.108701
26.844000,1.526168,2.044892,3.110468
26.862000,1.523310,2.044977,3.112738
26.878000,1.520769,2.045048,3.114757
26.895000,1.518069,2.045117,3.116901
26.910000,1.515686,2.045173,3.118792
26.921000,1.513939,2.045211,3.120179
26.938000,1.511239,2.045266,3.122323
26.955000,1.508539,2.045314,3.124466
26.969000,1.506315,2.045350,3.126231
26.986000,1.503614,2.045388,3.128374
27.001000,1.501231,2.045417,3.130264
27.014000,1.499166,2.045438,3.131902
27.028000,1.496942,2.045458,3.133666
27.045000,1.494217,2.045476,3.135704
27.061000,1.491661,2.045488,3.137399
27.075000,1.489433,2.045496,3.138760
27.089000,1.487205,2.045500,3.140118
27.106000,1.484500,2.045502,-3.141418
27.122000,1.481954,2.045499,-3.139866
27.139000,1.479248,2.045492,-3.138218
27.152000,1.477180,2.045483,-3.136957
27.169000,1.474475,2.045468,-3.135309
27.186000,1.471769,2.045449,-3.133660
27.202000,1.469223,2.045426,-3.132109
27.216000,1.466996,2.045403,-3.130752
27.233000,1.464291,2.045371,-3.129104
27.250000,1.461586,2.045335,-3.127456
27.266000,1.459040,2.045296,-3.125906
27.280000,1.456812,2.045260,-3.124549
27.297000,1.454108,2.045211,-3.122902
27.314000,1.451403,2.045158,-3.121255
27.328000,1.449176,2.045111,-3.119898
27.342000,1.446948,2.045061,-3.118542
27.360000,1.444063,2.044991,-3.116918
27.377000,1.441350,2.044922,-3.115631
27.394000,1.438642,2.044850,-3.114413
27.408000,1.436412,2.044788,-3.113410
27.425000,1.433704,2.044710,-3.112192
27.442000,1.430996,2.044628,-3.110974
27.456000,1.428766,2.044558,-3.109971
27.469000,1.426696,2.044492,-3.109039
27.486000,1.423988,2.044402,-3.107822
27.503000,1.421281,2.044308,-3.106604
27.519000,1.418732,2.044217,-3.105458
27.531000,1.416821,2.044147,-3.104598
27.548000,1.414114,2.044045,-3.103381
27.565000,1.411407,2.043940,-3.102164
27.582000,1.408700,2.043831,-3.100946
27.596000,1.406471,2.043739,-3.099944
27.613000,1.403765,2.043624,-3.098727
27.630000,1.401058,2.043506,-3.097510
27.644000,1.398829,2.043407,-3.096507
27.660000,1.396282,2.043290,-3.095362
27.677000,1.393559,2.043162,-3.094253
27.693000,1.391007,2.043040,-3.093418
27.709000,1.388457,2.042916,-3.092618
27.722000,1.386385,2.042813,-3.091969
27.739000,1.383676,2.042678,-3.091120
27.756000,1.380967,2.042539,-3.090270
27.772000,1.378418,2.042407,-3.089471
27.787000,1.376028,2.042281,-3.088722
27.804000,1.373320,2.042137,-3.087872
27.821000,1.370611,2.041990,-3.087023
27.835000,1.368381,2.041867,-3.086324
27.847000,1.366469,2.041760,-3.085725
27.864000,1.363761,2.041608,-3.084876
27.881000,1.361053,2.041453,-3.084027
27.896000,1.358664,2.041314,-3.083278
27.911000,1.356275,2.041173,-3.082529
27.928000,1.353567,2.041012,-3.081680
27.944000,1.351019,2.040858,-3.080881
27.961000,1.348312,2.040692,-3.080032
27.975000,1.346082,2.040553,-3.079333
27.992000,1.343362,2.040383,-3.078593
28.009000,1.340652,2.040211,-3.078043
28.024000,1.338261,2.040058,-3.077566
28.040000,1.335711,2.039894,-3.077057
28.057000,1.333001,2.039718,-3.076517
28.073000,1.330451,2.039551,-3.076008
28.085000,1.328539,2.039425,-3.075627
28.102000,1.325830,2.039245,-3.075087
28.118000,1.323280,2.039074,-3.074578
28.134000,1.320730,2.038902,-3.074070
28.149000,1.318340,2.038740,-3.073593
28.166000,1.315631,2.038554,-3.073053
28.183000,1.312922,2.038368,-3.072512
28.199000,1.310373,2.038191,-3.072004
28.216000,1.307665,2.038001,-3.071464
28.233000,1.304956,2.037810,-3.070924
28.250000,1.302248,2.037617,-3.070384
28.266000,1.299699,2.037435,-3.069875
28.283000,1.296991,2.037239,-3.069335
28.301000,1.294114,2.037030,-3.068873
28.317000,1.291563,2.036844,-3.068601
28.333000,1.289013,2.036657,-3.068330
28.349000,1.286462,2.036469,-3.068059
28.366000,1.283752,2.036269,-3.067771
28.380000,1.281520,2.036104,-3.067534
28.397000,1.278810,2.035902,-3.067246
28.411000,1.276579,2.035736,-3.067008
28.425000,1.274347,2.035568,-3.066771
28.442000,1.271637,2.035365,-3.066483
28.460000,1.268768,2.035148,-3.066178
28.477000,1.266058,2.034943,-3.065890
28.494000,1.263349,2.034737,-3.065602
28.511000,1.260639,2.034530,-3.065314
28.525000,1.258408,2.034360,-3.065077
28.538000,1.256336,2.034200,-3.064857
28.556000,1.253467,2.033979,-3.064552
28.573000,1.250758,2.033770,-3.064264
28.590000,1.248049,2.033559,-3.063976
28.603000,1.245971,2.033397,-3.063817
28.619000,1.243419,2.033198,-3.063733
28.636000,1.240708,2.032987,-3.063646
28.650000,1.238476,2.032812,-3.063575
28.663000,1.236403,2.032650,-3.063508
28.680000,1.233692,2.032438,-3.063421
28.697000,1.230981,2.032225,-3.063334
28.713000,1.228430,2.032025,-3.063252
28.728000,1.226038,2.031837,-3.063175
28.745000,1.223327,2.031624,-3.063087
28.762000,1.220616,2.031411,-3.063000
28.778000,1.218065,2.031210,-3.062918
28.791000,1.215992,2.031046,-3.062852
28.808000,1.213281,2.030832,-3.062765
28.824000,1.210730,2.030630,-3.062683
28.841000,1.208019,2.030416,-3.062595
28.855000,1.205786,2.030239,-3.062524
28.872000,1.203076,2.030024,-3.062437
28.889000,1.200365,2.029809,-3.062349
28.906000,1.197654,2.029593,-3.062262
28.919000,1.195578,2.029428,-3.062264
28.935000,1.193025,2.029225,-3.062330
28.953000,1.190153,2.028997,-3.062403
28.969000,1.187601,2.028795,-3.062469
28.982000,1.185527,2.028631,-3.062522
28.997000,1.183134,2.028441,-3.062583
29.011000,1.180900,2.028264,-3.062641
29.028000,1.178188,2.028050,-3.062710
29.042000,1.175955,2.027873,-3.062768
29.059000,1.173242,2.027659,-3.062837
29.077000,1.170371,2.027432,-3.062911
29.093000,1.167818,2.027231,-3.062976
29.103000,1.166223,2.027106,-3.063017
29.120000,1.163510,2.026892,-3.063087
29.138000,1.160639,2.026666,-3.063160
29.155000,1.157926,2.026453,-3.063230
29.171000,1.155374,2.026253,-3.063295
29.186000,1.152980,2.026065,-3.063357
29.204000,1.150109,2.025840,-3.063431
29.220000,1.147556,2.025640,-3.063496
29.238000,1.144681,2.025416,-3.063651
29.255000,1.141968,2.025204,-3.063838
29.271000,1.139414,2.025005,-3.064015
29.284000,1.137339,2.024844,-3.064158
29.301000,1.134625,2.024634,-3.064346
29.317000,1.132071,2.024436,-3.064522
29.333000,1.129517,2.024239,-3.064699
29.347000,1.127283,2.024067,-3.064853
29.364000,1.124569,2.023859,-3.065041
29.380000,1.122015,2.023663,-3.065217
29.396000,1.119461,2.023468,-3.065394
29.408000,1.117545,2.023322,-3.065526
29.425000,1.114831,2.023115,-3.065714
29.441000,1.112277,2.022921,-3.065890
29.457000,1.109723,2.022728,-3.066067
29.471000,1.107488,2.022559,-3.066221
29.488000,1.104774,2.022354,-3.066409
29.505000,1.102060,2.022150,-3.066596
29.522000,1.099346,2.021946,-3.066784
29.537000,1.096951,2.021767,-3.066949
29.554000,1.094235,2.021564,-3.067200
29.569000,1.091840,2.021386,-3.067440
29.584000,1.089444,2.021209,-3.067680
29.597000,1.087368,2.021055,-3.067888
29.614000,1.084653,2.020855,-3.068160
29.631000,1.081938,2.020656,-3.068433
29.647000,1.079382,2.020469,-3.068689
29.660000,1.077306,2.020317,-3.068897
29.676000,1.074751,2.020132,-3.069153
29.692000,1.072195,2.019946,-3.069409
29.708000,1.069639,2.019762,-3.069665
29.721000,1.067563,2.019613,-3.069873
29.738000,1.064847,2.019418,-3.070145
29.755000,1.062132,2.019224,-3.070417
29.771000,1.059576,2.019042,-3.070673
29.783000,1.057659,2.018906,-3.070865
29.798000,1.055263,2.018737,-3.071105
29.816000,1.052387,2.018534,-3.071394
29.830000,1.050151,2.018377,-3.071618
29.843000,1.048074,2.018232,-3.071826
29.860000,1.045357,2.018042,-3.072142
29.878000,1.042481,2.017843,-3.072489
29.894000,1.039925,2.017666,-3.072798
29.909000,1.037528,2.017502,-3.073087
29.926000,1.034811,2.017316,-3.073415
29.941000,1.032414,2.017152,-3.073704
29.957000,1.029857,2.016979,-3.074013
29.971000,1.027620,2.016828,-3.074283
29.988000,1.024903,2.016645,-3.074610
30.003000,1.022506,2.016485,-3.074899
30.019000,1.019949,2.016314,-3.075208
30.031000,1.018031,2.016187,-3.075439
30.048000,1.015314,2.016008,-3.075767
30.065000,1.012597,2.015829,-3.076095
30.082000,1.009880,2.015651,-3.076423
30.096000,1.007642,2.015506,-3.076693
30.113000,1.004925,2.015330,-3.077020
30.130000,1.002207,2.015154,-3.077348
30.144000,0.999970,2.015011,-3.077618
30.159000,0.997572,2.014857,-3.077907
30.176000,0.994854,2.014685,-3.078263
30.193000,0.992136,2.014513,-3.078623
30.209000,0.989578,2.014352,-3.078962
30.223000,0.987340,2.014212,-3.079258
30.240000,0.984622,2.014043,-3.079618
30.257000,0.981904,2.013875,-3.079978
30.273000,0.979346,2.013718,-3.080317
30.287000,0.977107,2.013581,-3.080614
30.304000,0.974389,2.013415,-3.080974
30.320000,0.971831,2.013260,-3.081313
30.334000,0.969592,2.013126,-3.081609
30.348000,0.967353,2.012992,-3.081906
30.365000,0.964635,2.012830,-3.082266
30.382000,0.961917,2.012669,-3.082626
30.399000,0.959198,2.012509,-3.082986
30.415000,0.956639,2.012359,-3.083325
30.432000,0.953921,2.012201,-3.083686
30.448000,0.951362,2.012053,-3.084024
30.464000,0.948803,2.011906,-3.084363
30.478000,0.946564,2.011778,-3.084669
30.495000,0.943845,2.011624,-3.085043
30.512000,0.941126,2.011471,-3.085416
30.528000,0.938567,2.011327,-3.085767
30.542000,0.936328,2.011202,-3.086075
30.558000,0.933768,2.011061,-3.086426
30.576000,0.930889,2.010902,-3.086822
30.591000,0.928490,2.010771,-3.087151
30.605000,0.926250,2.010650,-3.087459
30.620000,0.923851,2.010520,-3.087788
30.637000,0.921131,2.010374,-3.088161
30.652000,0.918732,2.010246,-3.088491
30.669000,0.916012,2.010102,-3.088864
30.686000,0.913293,2.009959,-3.089238
30.702000,0.910733,2.009826,-3.089589
30.716000,0.908493,2.009709,-3.089897
30.733000,0.905774,2.009569,-3.090270
30.750000,0.903054,2.009430,-3.090643
30.765000,0.900654,2.009308,-3.090973
30.779000,0.898414,2.009195,-3.091280
30.796000,0.895694,2.009059,-3.091652
30.813000,0.892974,2.008923,-3.092024
30.829000,0.890414,2.008797,-3.092374
30.843000,0.888174,2.008687,-3.092680
30.860000,0.885454,2.008554,-3.093052
30.875000,0.883054,2.008438,-3.093380
30.890000,0.880654,2.008323,-3.093708
30.907000,0.877933,2.008193,-3.094080
30.924000,0.875213,2.008064,-3.094452
30.939000,0.872813,2.007951,-3.094780
30.952000,0.870733,2.007854,-3.095064
30.969000,0.868012,2.007728,-3.095436
30.986000,0.865292,2.007603,-3.095808
31.001000,0.862891,2.007493,-3.096136
31.014000,0.860811,2.007399,-3.096420
31.031000,0.858090,2.007277,-3.096792
31.047000,0.855530,2.007162,-3.097142
31.063000,0.852969,2.007049,-3.097492
31.076000,0.850888,2.006957,-3.097776
31.093000,0.848168,2.006839,-3.098148
31.109000,0.845607,2.006728,-3.098486
31.125000,0.843046,2.006618,-3.098824
31.140000,0.840646,2.006516,-3.099141
31.157000,0.837925,2.006401,-3.099500
31.176000,0.834884,2.006273,-3.099901
31.191000,0.832483,2.006173,-3.100217
31.204000,0.830403,2.006088,-3.100492
31.221000,0.827682,2.005976,-3.100851
31.237000,0.825121,2.005872,-3.101188
31.253000,0.822560,2.005769,-3.101526
31.265000,0.820639,2.005693,-3.101779
31.282000,0.817918,2.005585,-3.102138
31.299000,0.815197,2.005478,-3.102497
31.315000,0.812636,2.005378,-3.102835
31.328000,0.810555,2.005298,-3.103109
31.345000,0.807834,2.005194,-3.103468
31.362000,0.805112,2.005090,-3.103827
31.376000,0.802871,2.005006,-3.104123
31.389000,0.800790,2.004928,-3.104397
31.407000,0.797909,2.004822,-3.104777
31.424000,0.795188,2.004722,-3.105118
31.440000,0.792626,2.004629,-3.105435
31.454000,0.790385,2.004548,-3.105713
31.472000,0.787504,2.004445,-3.106071
31.489000,0.784783,2.004349,-3.106408
31.505000,0.782221,2.004259,-3.106726
31.519000,0.779980,2.004182,-3.107004
31.537000,0.777099,2.004082,-3.107362
31.554000,0.774377,2.003990,-3.107699
31.569000,0.771976,2.003909,-3.107997
31.582000,0.769895,2.003839,-3.108255
31.599000,0.767173,2.003749,-3.108593
31.614000,0.764772,2.003670,-3.108891
31.630000,0.762210,2.003587,-3.109209
31.644000,0.759969,2.003514,-3.109487
31.662000,0.757087,2.003422,-3.109844
31.679000,0.754366,2.003336,-3.110182
31.696000,0.751644,2.003251,-3.110519
31.709000,0.749563,2.003187,-3.110778
31.726000,0.746841,2.003104,-3.111094
31.743000,0.744120,2.003021,-3.111405
31.757000,0.741878,2.002954,-3.111661
31.769000,0.739957,2.002896,-3.111880
31.786000,0.737236,2.002816,-3.112191
31.803000,0.734514,2.002736,-3.112502
31.820000,0.731792,2.002658,-3.112813
31.835000,0.729391,2.002589,-3.113087
31.853000,0.726509,2.002507,-3.113416
31.869000,0.723947,2.002435,-3.113709
31.886000,0.721226,2.002360,-3.114020
31.901000,0.718824,2.002294,-3.114294
31.919000,0.715942,2.002216,-3.114623
31.936000,0.713220,2.002143,-3.114934
31.953000,0.710499,2.002071,-3.115245
31.965000,0.708577,2.002020,-3.115464
31.982000,0.705855,2.001950,-3.115775
31.999000,0.703134,2.001880,-3.116086
32.015000,0.700572,2.001815,-3.116379
32.030000,0.698170,2.001755,-3.116653
32.047000,0.695448,2.001687,-3.116938
32.064000,0.692727,2.001621,-3.117218
32.081000,0.690005,2.001555,-3.117499
32.095000,0.687764,2.001501,-3.117730
32.110000,0.685362,2.001444,-3.117977
32.127000,0.682640,2.001380,-3.118258
32.145000,0.679758,2.001313,-3.118555
32.159000,0.677517,2.001262,-3.118786
32.176000,0.674795,2.001200,-3.119066
32.193000,0.672073,2.001139,-3.119347
32.209000,0.669511,2.001083,-3.119611
32.222000,0.667430,2.001037,-3.119825
32.238000,0.664868,2.000982,-3.120089
32.256000,0.661986,2.000920,-3.120386
32.271000,0.659585,2.000870,-3.120634
32.289000,0.656703,2.000810,-3.120930
32.306000,0.653981,2.000754,-3.121211
32.323000,0.651259,2.000699,-3.121491
32.337000,0.649017,2.000654,-3.121722
32.355000,0.646135,2.000597,-3.121991
32.371000,0.643574,2.000547,-3.122224
32.388000,0.640852,2.000495,-3.122473
32.400000,0.638931,2.000458,-3.122648
32.415000,0.636529,2.000413,-3.122868
32.432000,0.633807,2.000363,-3.123116
32.447000,0.631406,2.000318,-3.123335
32.462000,0.629004,2.000275,-3.123555
32.479000,0.626282,2.000226,-3.123803
32.496000,0.623561,2.000178,-3.124051
32.512000,0.620999,2.000133,-3.124285
32.525000,0.618918,2.000098,-3.124475
32.542000,0.616196,2.000051,-3.124724
32.559000,0.613474,2.000006,-3.124972
32.574000,0.611072,1.999966,-3.125192
32.587000,0.608991,1.999932,-3.125382
32.604000,0.606269,1.999889,-3.125630
32.622000,0.603387,1.999843,-3.125893
32.636000,0.601145,1.999808,-3.126098
32.650000,0.598904,1.999773,-3.126303
32.667000,0.596182,1.999732,-3.126524
32.684000,0.593461,1.999691,-3.126740
32.701000,0.590739,1.999651,-3.126956
32.713000,0.588818,1.999623,-3.127109
32.730000,0.586096,1.999584,-3.127325
32.747000,0.583374,1.999546,-3.127541
32.764000,0.580653,1.999508,-3.127757
32.778000,0.578411,1.999477,-3.127935
32.795000,0.575690,1.999440,-3.128152
32.811000,0.573128,1.999406,-3.128355
32.827000,0.570566,1.999372,-3.128559
32.840000,0.568485,1.999345,-3.128724
32.857000,0.565763,1.999311,-3.128940
32.874000,0.563042,1.999277,-3.129156
32.890000,0.560480,1.999245,-3.129360
32.904000,0.558239,1.999218,-3.129538
32.921000,0.555517,1.999185,-3.129754
32.938000,0.552795,1.999153,-3.129970
32.954000,0.550233,1.999124,-3.130174
32.967000,0.548152,1.999100,-3.130339
32.984000,0.545431,1.999070,-3.130529
33.001000,0.542709,1.999040,-3.130713
33.018000,0.539988,1.999011,-3.130898
33.030000,0.538067,1.998990,-3.131028
33.047000,0.535345,1.998962,-3.131213
33.064000,0.532624,1.998934,-3.131397
33.081000,0.529902,1.998906,-3.131582
33.095000,0.527661,1.998884,-3.131734
33.112000,0.524939,1.998858,-3.131918
33.128000,0.522378,1.998833,-3.132092
33.144000,0.519816,1.998809,-3.132266
33.158000,0.517575,1.998788,-3.132418
33.175000,0.514854,1.998763,-3.132602
33.193000,0.511972,1.998738,-3.132798
33.207000,0.509731,1.998718,-3.132950
33.221000,0.507489,1.998699,-3.133102
33.237000,0.504928,1.998678,-3.133275
33.255000,0.502046,1.998654,-3.133471
33.269000,0.499805,1.998636,-3.133623
33.282000,0.497724,1.998619,-3.133746
33.299000,0.495003,1.998598,-3.133901
33.315000,0.492442,1.998579,-3.134046
33.332000,0.489720,1.998559,-3.134201
33.350000,0.486839,1.998537,-3.134365
33.367000,0.484117,1.998518,-3.134520
33.383000,0.481556,1.998500,-3.134665
33.396000,0.479475,1.998486,-3.134784
33.414000,0.476594,1.998466,-3.134948
33.431000,0.473872,1.998449,-3.135103
33.445000,0.471631,1.998434,-3.135230
33.457000,0.469710,1.998422,-3.135339
33.475000,0.466829,1.998404,-3.135503
33.492000,0.464108,1.998388,-3.135658
33.508000,0.461546,1.998373,-3.135804
33.519000,0.459786,1.998363,-3.135904
33.537000,0.456904,1.998347,-3.136068
33.554000,0.454183,1.998332,-3.136223
33.571000,0.451461,1.998317,-3.136377
33.583000,0.449540,1.998308,-3.136487
33.600000,0.446819,1.998294,-3.136618
33.616000,0.444258,1.998281,-3.136738
33.633000,0.441537,1.998268,-3.136865
33.646000,0.439456,1.998258,-3.136962
33.663000,0.436735,1.998246,-3.137089
33.680000,0.434014,1.998234,-3.137216
33.697000,0.431293,1.998222,-3.137343
33.710000,0.429212,1.998213,-3.137441
33.727000,0.426491,1.998202,-3.137568
33.745000,0.423610,1.998191,-3.137702
33.761000,0.421049,1.998181,-3.137822
33.776000,0.418648,1.998172,-3.137934
33.792000,0.416087,1.998163,-3.138054
33.808000,0.413526,1.998154,-3.138174
33.826000,0.410645,1.998144,-3.138308
33.844000,0.407763,1.998135,-3.138443
33.861000,0.405042,1.998127,-3.138570
33.877000,0.402481,1.998119,-3.138690
33.889000,0.400560,1.998114,-3.138779
33.907000,0.397679,1.998106,-3.138914
33.924000,0.394958,1.998099,-3.139020
33.941000,0.392237,1.998092,-3.139121
33.954000,0.390157,1.998087,-3.139199
33.973000,0.387116,1.998080,-3.139313
33.990000,0.384395,1.998073,-3.139415
34.005000,0.381994,1.998068,-3.139504
34.023000,0.379113,1.998062,-3.139612
34.041000,0.376232,1.998057,-3.139720
34.058000,0.373511,1.998052,-3.139822
34.075000,0.370790,1.998047,-3.139923
34.087000,0.368870,1.998044,-3.139995
34.104000,0.366149,1.998040,-3.140097
34.120000,0.363588,1.998036,-3.140193
34.134000,0.361347,1.998033,-3.140276
34.145000,0.359586,1.998031,-3.140342
34.160000,0.357186,1.998028,-3.140432
34.179000,0.354145,1.998025,-3.140546
34.194000,0.351744,1.998022,-3.140636
34.211000,0.349023,1.998020,-3.140737
34.228000,0.346390,1.998018,-3.140727
34.244000,0.344052,1.998015,-3.140478
34.258000,0.342057,1.998013,-3.140076
34.275000,0.339621,1.998008,-3.139368
34.292000,0.337172,1.998001,-3.138417
34.308000,0.334854,1.997992,-3.137300
34.322000,0.332874,1.997982,-3.136139
34.339000,0.330517,1.997967,-3.134499
34.356000,0.328146,1.997948,-3.132616
34.370000,0.326184,1.997928,-3.130882
34.387000,0.323788,1.997899,-3.128553
34.404000,0.321378,1.997864,-3.125978
34.418000,0.319384,1.997830,-3.123674
34.432000,0.317379,1.997791,-3.121202
34.449000,0.314932,1.997737,-3.117975
34.465000,0.312676,1.997680,-3.114704
34.481000,0.310434,1.997615,-3.111210
34.495000,0.308463,1.997551,-3.107971
34.512000,0.306055,1.997464,-3.103810
34.528000,0.303776,1.997372,-3.099664
34.542000,0.301771,1.997283,-3.095853
34.558000,0.299467,1.997172,-3.091288
34.575000,0.297004,1.997040,-3.086191
34.591000,0.294672,1.996904,-3.081160
34.603000,0.292913,1.996793,-3.077238
34.620000,0.290409,1.996624,-3.071463
34.637000,0.287890,1.996438,-3.065429
34.653000,0.285543,1.996251,-3.059507
34.665000,0.283783,1.996101,-3.054914
34.682000,0.281275,1.995873,-3.048182
34.698000,0.278901,1.995641,-3.041605
34.713000,0.276662,1.995408,-3.035226
34.725000,0.274862,1.995210,-3.029974
34.741000,0.272449,1.994929,-3.022763
34.758000,0.269870,1.994609,-3.014840
34.774000,0.267428,1.994287,-3.007136
34.791000,0.264817,1.993921,-2.998688
34.806000,0.262510,1.993579,-2.991144
34.822000,0.260052,1.993194,-2.983100
34.834000,0.258211,1.992893,-2.977068
34.851000,0.255605,1.992447,-2.968526
34.867000,0.253157,1.992007,-2.960490
34.881000,0.251017,1.991606,-2.953460
34.898000,0.248432,1.991101,-2.944804
34.914000,0.245997,1.990603,-2.936522
34.930000,0.243566,1.990085,-2.928242
34.944000,0.241442,1.989615,-2.921000
34.961000,0.238868,1.989024,-2.912208
34.978000,0.236299,1.988410,-2.903418
34.994000,0.233887,1.987812,-2.895149
35.008000,0.231780,1.987272,-2.887915
35.023000,0.229526,1.986677,-2.880167
35.040000,0.226978,1.985982,-2.871389
35.055000,0.224735,1.985349,-2.863646
35.071000,0.222348,1.984656,-2.855390
35.089000,0.219670,1.983852,-2.846105
35.106000,0.217147,1.983070,-2.837339
35.119000,0.215222,1.982457,-2.830638
35.135000,0.212859,1.981685,-2.822393
35.152000,0.210355,1.980843,-2.813636
35.165000,0.208446,1.980185,-2.806941
35.181000,0.206100,1.979357,-2.798754
35.198000,0.203617,1.978456,-2.790072
35.212000,0.201577,1.977698,-2.782924
35.229000,0.199108,1.976758,-2.774247
35.244000,0.196936,1.975911,-2.766593
35.257000,0.195059,1.975164,-2.759962
35.272000,0.192899,1.974286,-2.752312
35.290000,0.190316,1.973210,-2.743136
35.303000,0.188457,1.972419,-2.736510
35.317000,0.186461,1.971553,-2.729377
35.334000,0.184045,1.970482,-2.720718
35.351000,0.181639,1.969390,-2.712061
35.364000,0.179805,1.968541,-2.705444
35.381000,0.177416,1.967413,-2.696793
35.398000,0.175037,1.966264,-2.688145
35.410000,0.173363,1.965441,-2.682043
35.426000,0.171139,1.964327,-2.673909
35.441000,0.169063,1.963267,-2.666286
35.456000,0.166994,1.962190,-2.658665
35.472000,0.164797,1.961025,-2.650538
35.487000,0.162746,1.959916,-2.642923
35.501000,0.160839,1.958867,-2.635817
35.518000,0.158523,1.957569,-2.627328
35.535000,0.156226,1.956257,-2.619029
35.549000,0.154342,1.955162,-2.612197
35.565000,0.152199,1.953894,-2.604392
35.582000,0.149933,1.952530,-2.596101
35.599000,0.147678,1.951146,-2.587813
35.614000,0.145697,1.949910,-2.580503
35.631000,0.143464,1.948491,-2.572220
35.646000,0.141504,1.947224,-2.564914
35.658000,0.139942,1.946201,-2.559071
35.674000,0.137868,1.944821,-2.551282
35.691000,0.135678,1.943338,-2.543008
35.708000,0.133499,1.941837,-2.534738
35.724000,0.131460,1.940407,-2.526956
35.743000,0.129053,1.938689,-2.517719
35.760000,0.126913,1.937133,-2.509457
35.773000,0.125285,1.935932,-2.503141
35.790000,0.123168,1.934345,-2.494884
35.803000,0.121558,1.933119,-2.488573
35.818000,0.119710,1.931693,-2.481292
35.834000,0.117750,1.930156,-2.473528
35.849000,0.115923,1.928702,-2.466252
35.863000,0.114211,1.927320,-2.459572
35.879000,0.112277,1.925735,-2.452210
35.895000,0.110358,1.924140,-2.444934
35.913000,0.108214,1.922329,-2.436751
35.930000,0.106203,1.920602,-2.429025
35.942000,0.104791,1.919375,-2.423573
35.959000,0.102803,1.917622,-2.415852
35.975000,0.100944,1.915958,-2.408587
35.988000,0.099442,1.914596,-2.402686
36.003000,0.097720,1.913014,-2.395878
36.020000,0.095780,1.911207,-2.388165
36.037000,0.093855,1.909385,-2.380455
36.050000,0.092392,1.907981,-2.374560
36.067000,0.090492,1.906133,-2.366855
36.081000,0.088938,1.904600,-2.360511
36.094000,0.087503,1.903168,-2.354621
36.111000,0.085640,1.901282,-2.346922
36.128000,0.083792,1.899382,-2.339225
36.145000,0.081958,1.897468,-2.331531
36.158000,0.080565,1.895994,-2.325649
36.175000,0.078758,1.894055,-2.317959
36.193000,0.076860,1.891987,-2.309820
36.208000,0.075291,1.890252,-2.303039
36.220000,0.074028,1.888839,-2.297697
36.237000,0.072260,1.886834,-2.290419
36.253000,0.070619,1.884947,-2.283781
36.267000,0.069194,1.883287,-2.277979
36.284000,0.067476,1.881260,-2.270935
36.300000,0.065873,1.879342,-2.264307
36.316000,0.064282,1.877413,-2.257681
36.329000,0.062998,1.875837,-2.252299
36.343000,0.061626,1.874133,-2.246504
36.361000,0.059876,1.871931,-2.239056
36.376000,0.058430,1.870085,-2.232850
36.388000,0.057282,1.868603,-2.227887
36.403000,0.055856,1.866741,-2.221685
36.421000,0.054161,1.864496,-2.214244
36.437000,0.052669,1.862490,-2.207632
36.454000,0.051098,1.860347,-2.200609
36.471000,0.049541,1.858193,-2.193588
36.487000,0.048091,1.856157,-2.186983
36.500000,0.046922,1.854495,-2.181617
36.517000,0.045407,1.852312,-2.174603
36.534000,0.043907,1.850119,-2.167590
36.549000,0.042597,1.848174,-2.161404
36.563000,0.041384,1.846353,-2.155633
36.580000,0.039906,1.844103,-2.148769
36.599000,0.038281,1.841589,-2.141493
36.615000,0.036934,1.839475,-2.135560
36.629000,0.035766,1.837618,-2.130371
36.646000,0.034361,1.835356,-2.124073
36.661000,0.033132,1.833352,-2.118516
36.677000,0.031834,1.831208,-2.112591
36.691000,0.030709,1.829325,-2.107407
36.708000,0.029356,1.827031,-2.101115
36.725000,0.028017,1.824728,-2.094824
36.741000,0.026770,1.822553,-2.088904
36.755000,0.025689,1.820644,-2.083726
36.772000,0.024391,1.818319,-2.077440
36.789000,0.023107,1.815985,-2.071156
36.803000,0.022060,1.814057,-2.065982
36.817000,0.021024,1.812124,-2.060809
36.833000,0.019852,1.809908,-2.054899
36.848000,0.018765,1.807824,-2.049360
36.863000,0.017689,1.805734,-2.043822
36.880000,0.016484,1.803359,-2.037547
36.895000,0.015434,1.801256,-2.032012
36.911000,0.014326,1.799007,-2.026110
36.925000,0.013353,1.797008,-2.021038
36.941000,0.012257,1.794722,-2.015508
36.955000,0.011314,1.792730,-2.010893
36.971000,0.010251,1.790453,-2.005683
36.986000,0.009264,1.788314,-2.000800
37.001000,0.008288,1.786169,-1.995917
37.017000,0.007259,1.783876,-1.990711
37.034000,0.006178,1.781435,-1.985180
37.049000,0.005235,1.779275,-1.980301
37.067000,0.004118,1.776678,-1.974447
37.084000,0.003077,1.774218,-1.968921
37.098000,0.002230,1.772189,-1.964370
37.110000,0.001511,1.770446,-1.960471
37.128000,0.000446,1.767827,-1.954623
37.144000,-0.000488,1.765494,-1.949426
37.161000,-0.001467,1.763009,-1.943905
37.175000,-0.002263,1.760959,-1.939360
37.193000,-0.003273,1.758318,-1.933518
37.209000,-0.004158,1.755966,-1.928326
37.224000,-0.004976,1.753756,-1.923460
37.238000,-0.005730,1.751690,-1.918920
37.255000,-0.006633,1.749177,-1.913407
37.270000,-0.007430,1.746925,-1.908646
37.287000,-0.008318,1.744375,-1.903538
37.301000,-0.009034,1.742286,-1.899553
37.318000,-0.009891,1.739750,-1.894776
37.335000,-0.010737,1.737210,-1.890000
37.350000,-0.011472,1.734965,-1.885787
37.363000,-0.012102,1.733017,-1.882136
37.380000,-0.012915,1.730467,-1.877363
37.399000,-0.013810,1.727611,-1.872029
37.416000,-0.014597,1.725052,-1.867257
37.434000,-0.015417,1.722339,-1.862207
37.450000,-0.016135,1.719924,-1.857718
37.466000,-0.016841,1.717505,-1.853231
37.481000,-0.017494,1.715235,-1.849025
37.498000,-0.018222,1.712658,-1.844259
37.514000,-0.018896,1.710231,-1.839774
37.530000,-0.019560,1.707800,-1.835291
37.542000,-0.020050,1.705975,-1.831929
37.559000,-0.020734,1.703386,-1.827167
37.576000,-0.021406,1.700794,-1.822406
37.591000,-0.021988,1.698505,-1.818206
37.604000,-0.022492,1.696496,-1.814626
37.622000,-0.023177,1.693710,-1.809948
37.639000,-0.023808,1.691096,-1.805821
37.655000,-0.024391,1.688638,-1.802011
37.670000,-0.024929,1.686332,-1.798440
37.687000,-0.025528,1.683716,-1.794394
37.704000,-0.026117,1.681098,-1.790349
37.720000,-0.026662,1.678632,-1.786542
37.737000,-0.027230,1.676009,-1.782498
37.753000,-0.027755,1.673538,-1.778693
37.770000,-0.028303,1.670911,-1.774650
37.784000,-0.028746,1.668746,-1.771322
37.801000,-0.029275,1.666115,-1.767281
37.815000,-0.029702,1.663946,-1.763953
37.828000,-0.030092,1.661931,-1.760864
37.843000,-0.030534,1.659605,-1.757301
37.861000,-0.031054,1.656811,-1.753025
37.874000,-0.031423,1.654792,-1.749937
37.890000,-0.031867,1.652306,-1.746138
37.903000,-0.032221,1.650284,-1.743052
37.921000,-0.032702,1.647483,-1.738779
37.938000,-0.033151,1.644801,-1.734880
37.954000,-0.033562,1.642286,-1.731465
37.969000,-0.033938,1.639940,-1.728464
37.986000,-0.034355,1.637283,-1.725099
38.001000,-0.034716,1.634937,-1.722132
38.017000,-0.035093,1.632434,-1.718966
38.031000,-0.035416,1.630242,-1.716197
38.048000,-0.035801,1.627580,-1.712835
38.065000,-0.036176,1.624917,-1.709473
38.079000,-0.036479,1.622722,-1.706705
38.090000,-0.036712,1.620997,-1.704531
38.107000,-0.037066,1.618331,-1.701170
38.124000,-0.037410,1.615663,-1.697811
38.140000,-0.037726,1.613151,-1.694649
38.152000,-0.037958,1.611267,-1.692278
38.169000,-0.038279,1.608596,-1.688920
38.185000,-0.038573,1.606082,-1.685760
38.200000,-0.038841,1.603723,-1.682798
38.213000,-0.039068,1.601679,-1.680231
38.230000,-0.039356,1.599005,-1.676875
38.247000,-0.039636,1.596329,-1.673519
38.263000,-0.039894,1.593785,-1.670436
38.281000,-0.040174,1.590924,-1.667243
38.299000,-0.040445,1.588080,-1.664310
38.315000,-0.040678,1.585554,-1.661737
38.327000,-0.040848,1.583659,-1.659807
38.344000,-0.041084,1.580974,-1.657074
38.362000,-0.041325,1.578130,-1.654180
38.377000,-0.041519,1.575760,-1.651769
38.395000,-0.041746,1.572915,-1.648877
38.411000,-0.041940,1.570385,-1.646306
38.428000,-0.042139,1.567697,-1.643574
38.440000,-0.042275,1.565799,-1.641647
38.457000,-0.042461,1.563110,-1.638916
38.475000,-0.042651,1.560263,-1.636025
38.489000,-0.042793,1.558047,-1.633777
38.502000,-0.042920,1.555990,-1.631689
38.519000,-0.043080,1.553299,-1.628960
38.536000,-0.043232,1.550608,-1.626231
38.550000,-0.043352,1.548391,-1.623984
38.568000,-0.043499,1.545541,-1.621096
38.584000,-0.043624,1.542980,-1.618624
38.599000,-0.043736,1.540586,-1.616510
38.614000,-0.043842,1.538204,-1.614571
38.631000,-0.043957,1.535506,-1.612404
38.647000,-0.044060,1.532966,-1.610365
38.662000,-0.044151,1.530585,-1.608453
38.680000,-0.044255,1.527727,-1.606160
38.696000,-0.044342,1.525187,-1.604122
38.709000,-0.044409,1.523123,-1.602466
38.722000,-0.044472,1.521059,-1.600810
38.737000,-0.044541,1.518677,-1.598899
38.752000,-0.044605,1.516295,-1.596989
38.766000,-0.044661,1.514072,-1.595206
38.782000,-0.044720,1.511531,-1.593169
38.798000,-0.044774,1.508990,-1.591132
38.813000,-0.044819,1.506607,-1.589222
38.827000,-0.044858,1.504384,-1.587440
38.842000,-0.044895,1.502001,-1.585531
38.858000,-0.044929,1.499459,-1.583495
38.876000,-0.044962,1.496600,-1.581205
38.892000,-0.044986,1.494035,-1.579261
38.907000,-0.045004,1.491638,-1.577634
38.925000,-0.045020,1.488773,-1.575858
38.940000,-0.045030,1.486386,-1.574385
38.957000,-0.045037,1.483681,-1.572717
38.973000,-0.045040,1.481135,-1.571146
38.990000,-0.045038,1.478430,-1.569478
39.007000,-0.045032,1.475725,-1.567810
39.021000,-0.045023,1.473498,-1.566436
39.038000,-0.045009,1.470793,-1.564768
39.053000,-0.044993,1.468406,-1.563296
39.066000,-0.044975,1.466337,-1.562021
39.083000,-0.044949,1.463633,-1.560353
39.099000,-0.044920,1.461087,-1.558784
39.112000,-0.044894,1.459018,-1.557509
39.128000,-0.044858,1.456473,-1.555940
39.144000,-0.044817,1.453927,-1.554371
39.159000,-0.044776,1.451541,-1.552900
39.177000,-0.044722,1.448677,-1.551135
39.194000,-0.044666,1.445973,-1.549469
39.210000,-0.044609,1.443407,-1.547993
39.223000,-0.044560,1.441330,-1.546955
39.238000,-0.044502,1.438940,-1.545863
39.255000,-0.044432,1.436232,-1.544628
39.267000,-0.044381,1.434321,-1.543757
39.285000,-0.044302,1.431454,-1.542449
39.301000,-0.044228,1.428905,-1.541287
39.316000,-0.044155,1.426516,-1.540198
39.329000,-0.044091,1.424445,-1.539253
39.344000,-0.044014,1.422056,-1.538164
39.362000,-0.043918,1.419190,-1.536857
39.379000,-0.043824,1.416482,-1.535623
39.395000,-0.043733,1.413935,-1.534461
39.411000,-0.043639,1.411387,-1.533299
39.427000,-0.043541,1.408839,-1.532138
39.442000,-0.043447,1.406451,-1.531049
39.459000,-0.043338,1.403744,-1.529815
39.475000,-0.043232,1.401197,-1.528654
39.492000,-0.043115,1.398490,-1.527420
39.505000,-0.043024,1.396421,-1.526476
39.522000,-0.042902,1.393697,-1.525350
39.538000,-0.042784,1.391145,-1.524499
39.554000,-0.042665,1.388595,-1.523685
39.570000,-0.042544,1.386045,-1.522870
39.586000,-0.042420,1.383495,-1.522055
39.603000,-0.042287,1.380786,-1.521190
39.620000,-0.042151,1.378078,-1.520324
39.637000,-0.042012,1.375369,-1.519459
39.654000,-0.041872,1.372660,-1.518593
39.671000,-0.041729,1.369952,-1.517728
39.685000,-0.041610,1.367721,-1.517015
39.701000,-0.041471,1.365173,-1.516201
39.718000,-0.041322,1.362464,-1.515336
39.732000,-0.041197,1.360234,-1.514623
39.750000,-0.041034,1.357367,-1.513707
39.767000,-0.040878,1.354659,-1.512842
39.782000,-0.040738,1.352270,-1.512079
39.793000,-0.040635,1.350518,-1.511519
39.807000,-0.040501,1.348289,-1.510807
39.823000,-0.040347,1.345741,-1.509993
39.837000,-0.040210,1.343500,-1.509352
39.849000,-0.040091,1.341585,-1.508932
39.866000,-0.039923,1.338875,-1.508377
39.885000,-0.039732,1.335847,-1.507757
39.900000,-0.039581,1.333456,-1.507267
39.916000,-0.039418,1.330906,-1.506745
39.933000,-0.039243,1.328196,-1.506190
39.950000,-0.039067,1.325487,-1.505635
39.964000,-0.038921,1.323256,-1.505179
39.982000,-0.038731,1.320387,-1.504591
39.999000,-0.038551,1.317678,-1.504036
40.013000,-0.038401,1.315448,-1.503580
40.029000,-0.038228,1.312898,-1.503058
40.046000,-0.038044,1.310189,-1.502503
40.062000,-0.037869,1.307640,-1.501981
40.079000,-0.037681,1.304932,-1.501426
40.091000,-0.037548,1.303020,-1.501035
40.108000,-0.037358,1.300311,-1.500480
40.125000,-0.037166,1.297603,-1.499925
40.142000,-0.036972,1.294885,-1.499480
40.154000,-0.036835,1.292972,-1.499266
40.170000,-0.036652,1.290421,-1.498982
40.188000,-0.036445,1.287552,-1.498662
40.203000,-0.036272,1.285160,-1.498395
40.215000,-0.036133,1.283247,-1.498182
40.232000,-0.035935,1.280537,-1.497879
40.249000,-0.035737,1.277827,-1.497577
40.266000,-0.035537,1.275117,-1.497275
40.280000,-0.035373,1.272885,-1.497026
40.295000,-0.035196,1.270494,-1.496759
40.312000,-0.034994,1.267785,-1.496457
40.329000,-0.034792,1.265075,-1.496155
40.347000,-0.034577,1.262206,-1.495835
40.364000,-0.034373,1.259496,-1.495533
40.379000,-0.034192,1.257105,-1.495266
40.393000,-0.034023,1.254874,-1.495017
40.410000,-0.033817,1.252165,-1.494715
40.426000,-0.033622,1.249615,-1.494431
40.443000,-0.033414,1.246905,-1.494129
40.458000,-0.033229,1.244508,-1.493945
40.475000,-0.033020,1.241797,-1.493847
40.492000,-0.032811,1.239086,-1.493748
40.507000,-0.032626,1.236694,-1.493661
40.523000,-0.032429,1.234143,-1.493568
40.540000,-0.032219,1.231432,-1.493469
40.557000,-0.032009,1.228721,-1.493371
40.572000,-0.031823,1.226329,-1.493284
40.587000,-0.031637,1.223937,-1.493197
40.603000,-0.031439,1.221385,-1.493104
40.621000,-0.031215,1.218515,-1.492999
40.638000,-0.031004,1.215804,-1.492901
40.653000,-0.030817,1.213412,-1.492814
40.670000,-0.030605,1.210701,-1.492715
40.687000,-0.030392,1.207990,-1.492616
40.701000,-0.030217,1.205758,-1.492535
40.712000,-0.030080,1.204004,-1.492471
40.729000,-0.029867,1.201293,-1.492373
40.745000,-0.029666,1.198742,-1.492280
40.761000,-0.029465,1.196191,-1.492187
40.777000,-0.029264,1.193635,-1.492172
40.794000,-0.029050,1.190923,-1.492233
40.811000,-0.028837,1.188211,-1.492294
40.826000,-0.028649,1.185818,-1.492348
40.844000,-0.028423,1.182946,-1.492412
40.861000,-0.028210,1.180234,-1.492473
40.878000,-0.027997,1.177522,-1.492534
40.892000,-0.027822,1.175288,-1.492584
40.909000,-0.027610,1.172576,-1.492645
40.926000,-0.027397,1.169864,-1.492706
40.943000,-0.027185,1.167151,-1.492767
40.957000,-0.027010,1.164918,-1.492817
40.974000,-0.026799,1.162205,-1.492878
40.991000,-0.026587,1.159493,-1.492939
41.004000,-0.026425,1.157419,-1.492985
41.015000,-0.026288,1.155664,-1.493025
41.032000,-0.026077,1.152952,-1.493086
41.048000,-0.025878,1.150399,-1.493143
41.062000,-0.025705,1.148165,-1.493193
41.076000,-0.025531,1.145929,-1.493304
41.093000,-0.025320,1.143216,-1.493483
41.110000,-0.025110,1.140502,-1.493663
41.125000,-0.024926,1.138108,-1.493821
41.140000,-0.024741,1.135713,-1.493980
41.157000,-0.024532,1.133000,-1.494159
41.174000,-0.024324,1.130286,-1.494339
41.190000,-0.024129,1.127732,-1.494508
41.203000,-0.023970,1.125657,-1.494645
41.220000,-0.023764,1.122943,-1.494825
41.237000,-0.023557,1.120229,-1.495005
41.253000,-0.023364,1.117675,-1.495174
41.266000,-0.023207,1.115600,-1.495311
41.283000,-0.023002,1.112886,-1.495491
41.300000,-0.022797,1.110172,-1.495670
41.316000,-0.022605,1.107618,-1.495839
41.334000,-0.022389,1.104744,-1.496029
41.350000,-0.022198,1.102190,-1.496198
41.366000,-0.022008,1.099635,-1.496368
41.381000,-0.021829,1.097241,-1.496526
41.398000,-0.021628,1.094525,-1.496769
41.414000,-0.021438,1.091970,-1.497019
41.431000,-0.021238,1.089255,-1.497284
41.445000,-0.021074,1.087019,-1.497503
41.462000,-0.020875,1.084304,-1.497768
41.478000,-0.020688,1.081748,-1.498017
41.494000,-0.020502,1.079193,-1.498267
41.508000,-0.020340,1.076957,-1.498485
41.525000,-0.020144,1.074241,-1.498751
41.542000,-0.019948,1.071526,-1.499016
41.558000,-0.019765,1.068970,-1.499265
41.570000,-0.019628,1.067054,-1.499453
41.588000,-0.019423,1.064178,-1.499734
41.605000,-0.019230,1.061463,-1.499999
41.617000,-0.019094,1.059546,-1.500186
41.631000,-0.018936,1.057310,-1.500404
41.649000,-0.018734,1.054434,-1.500685
41.666000,-0.018543,1.051718,-1.500950
41.683000,-0.018354,1.049003,-1.501216
41.696000,-0.018209,1.046925,-1.501450
41.712000,-0.018032,1.044369,-1.501753
41.728000,-0.017856,1.041812,-1.502056
41.746000,-0.017658,1.038936,-1.502397
41.759000,-0.017516,1.036858,-1.502643
41.776000,-0.017331,1.034142,-1.502965
41.794000,-0.017136,1.031265,-1.503305
41.810000,-0.016964,1.028708,-1.503608
41.824000,-0.016814,1.026471,-1.503873
41.840000,-0.016643,1.023914,-1.504176
41.857000,-0.016462,1.021197,-1.504498
41.870000,-0.016324,1.019120,-1.504744
41.887000,-0.016145,1.016403,-1.505066
41.902000,-0.015988,1.014005,-1.505349
41.916000,-0.015841,1.011768,-1.505614
41.929000,-0.015706,1.009690,-1.505861
41.946000,-0.015530,1.006973,-1.506182
41.962000,-0.015365,1.004415,-1.506485
41.979000,-0.015190,1.001698,-1.506807
41.992000,-0.015057,0.999620,-1.507053
42.009000,-0.014884,0.996902,-1.507401
42.026000,-0.014712,0.994184,-1.507756
42.043000,-0.014541,0.991467,-1.508111
42.057000,-0.014401,0.989228,-1.508403
42.074000,-0.014232,0.986511,-1.508758
42.091000,-0.014064,0.983793,-1.509113
42.109000,-0.013886,0.980915,-1.509488
42.122000,-0.013759,0.978836,-1.509760
42.139000,-0.013594,0.976118,-1.510115
42.156000,-0.013429,0.973400,-1.510470
42.171000,-0.013285,0.971001,-1.510783
42.184000,-0.013160,0.968923,-1.511054
42.201000,-0.012998,0.966204,-1.511409
42.219000,-0.012827,0.963326,-1.511785
42.235000,-0.012677,0.960767,-1.512119
42.247000,-0.012564,0.958848,-1.512369
42.264000,-0.012406,0.956130,-1.512724
42.280000,-0.012257,0.953571,-1.513058
42.297000,-0.012101,0.950852,-1.513413
42.315000,-0.011936,0.947974,-1.513789
42.332000,-0.011781,0.945255,-1.514157
42.349000,-0.011628,0.942536,-1.514527
42.362000,-0.011511,0.940457,-1.514809
42.379000,-0.011359,0.937738,-1.515178
42.395000,-0.011217,0.935178,-1.515526
42.410000,-0.011085,0.932779,-1.515851
42.426000,-0.010945,0.930220,-1.516199
42.443000,-0.010797,0.927501,-1.516568
42.459000,-0.010658,0.924941,-1.516916
42.475000,-0.010521,0.922382,-1.517263
42.487000,-0.010418,0.920462,-1.517524
42.504000,-0.010274,0.917743,-1.517893
42.521000,-0.010130,0.915023,-1.518262
42.536000,-0.010004,0.912623,-1.518588
42.551000,-0.009879,0.910224,-1.518914
42.568000,-0.009739,0.907504,-1.519283
42.585000,-0.009599,0.904784,-1.519653
42.602000,-0.009460,0.902065,-1.520022
42.616000,-0.009347,0.899825,-1.520326
42.633000,-0.009210,0.897105,-1.520695
42.650000,-0.009074,0.894385,-1.521063
42.666000,-0.008947,0.891825,-1.521410
42.683000,-0.008813,0.889105,-1.521779
42.700000,-0.008681,0.886385,-1.522147
42.718000,-0.008541,0.883505,-1.522537
42.734000,-0.008418,0.880945,-1.522884
42.746000,-0.008326,0.879024,-1.523144
42.762000,-0.008204,0.876464,-1.523491
42.779000,-0.008076,0.873744,-1.523860
42.795000,-0.007956,0.871184,-1.524207
42.813000,-0.007823,0.868303,-1.524597
42.829000,-0.007705,0.865743,-1.524944
42.846000,-0.007581,0.863022,-1.525313
42.859000,-0.007486,0.860942,-1.525594
42.876000,-0.007364,0.858221,-1.525963
42.893000,-0.007242,0.855501,-1.526332
42.909000,-0.007129,0.852940,-1.526679
42.923000,-0.007030,0.850700,-1.526982
42.940000,-0.006912,0.847979,-1.527351
42.957000,-0.006794,0.845258,-1.527710
42.974000,-0.006677,0.842538,-1.528066
42.987000,-0.006588,0.840457,-1.528339
43.004000,-0.006473,0.837736,-1.528695
43.020000,-0.006366,0.835176,-1.529031
43.035000,-0.006266,0.832775,-1.529345
43.047000,-0.006187,0.830854,-1.529597
43.063000,-0.006082,0.828293,-1.529932
43.080000,-0.005971,0.825572,-1.530289
43.096000,-0.005868,0.823011,-1.530624
43.114000,-0.005752,0.820130,-1.531001
43.131000,-0.005644,0.817409,-1.531358
43.145000,-0.005556,0.815168,-1.531651
43.159000,-0.005469,0.812927,-1.531945
43.177000,-0.005358,0.810046,-1.532322
43.194000,-0.005253,0.807325,-1.532679
43.210000,-0.005156,0.804764,-1.533014
43.224000,-0.005072,0.802523,-1.533308
43.241000,-0.004970,0.799801,-1.533664
43.258000,-0.004870,0.797080,-1.534002
43.275000,-0.004770,0.794359,-1.534338
43.288000,-0.004694,0.792278,-1.534595
43.305000,-0.004596,0.789557,-1.534931
43.320000,-0.004511,0.787156,-1.535227
43.337000,-0.004414,0.784435,-1.535563
43.347000,-0.004358,0.782834,-1.535761
43.364000,-0.004263,0.780112,-1.536097
43.382000,-0.004164,0.777231,-1.536453
43.397000,-0.004082,0.774830,-1.536749
43.409000,-0.004016,0.772909,-1.536987
43.426000,-0.003925,0.770187,-1.537323
43.443000,-0.003834,0.767466,-1.537659
43.458000,-0.003755,0.765064,-1.537955
43.474000,-0.003671,0.762503,-1.538271
43.490000,-0.003588,0.759941,-1.538588
43.505000,-0.003511,0.757540,-1.538884
43.519000,-0.003440,0.755299,-1.539161
43.536000,-0.003355,0.752577,-1.539497
43.552000,-0.003275,0.750015,-1.539813
43.569000,-0.003191,0.747294,-1.540150
43.583000,-0.003123,0.745052,-1.540408
43.601000,-0.003036,0.742171,-1.540736
43.616000,-0.002964,0.739769,-1.541009
43.633000,-0.002883,0.737048,-1.541319
43.650000,-0.002803,0.734326,-1.541628
43.667000,-0.002724,0.731604,-1.541938
43.683000,-0.002651,0.729043,-1.542229
43.698000,-0.002583,0.726641,-1.542503
43.714000,-0.002510,0.724080,-1.542794
43.731000,-0.002435,0.721358,-1.543104
43.748000,-0.002360,0.718636,-1.543413
43.764000,-0.002290,0.716075,-1.543705
43.779000,-0.002225,0.713673,-1.543978
43.795000,-0.002157,0.711111,-1.544269
43.810000,-0.002094,0.708710,-1.544542
43.825000,-0.002031,0.706308,-1.544816
43.842000,-0.001961,0.703586,-1.545125
43.859000,-0.001891,0.700864,-1.545435
43.876000,-0.001823,0.698143,-1.545744
43.891000,-0.001763,0.695741,-1.545996
43.908000,-0.001696,0.693019,-1.546275
43.925000,-0.001629,0.690298,-1.546555
43.940000,-0.001571,0.687896,-1.546802
43.954000,-0.001518,0.685655,-1.547032
43.971000,-0.001454,0.682933,-1.547312
43.986000,-0.001398,0.680531,-1.547559
44.003000,-0.001335,0.677810,-1.547838
44.015000,-0.001291,0.675888,-1.548036
44.032000,-0.001229,0.673167,-1.548315
44.048000,-0.001172,0.670605,-1.548579
44.065000,-0.001112,0.667883,-1.548858
44.080000,-0.001060,0.665481,-1.549105
44.097000,-0.001001,0.662759,-1.549385
44.113000,-0.000946,0.660198,-1.549648
44.128000,-0.000896,0.657796,-1.549895
44.146000,-0.000836,0.654914,-1.550191
44.163000,-0.000780,0.652192,-1.550471
44.180000,-0.000726,0.649470,-1.550750
44.192000,-0.000687,0.647549,-1.550929
44.209000,-0.000634,0.644827,-1.551177
44.224000,-0.000587,0.642426,-1.551396
44.239000,-0.000540,0.640024,-1.551615
44.253000,-0.000498,0.637783,-1.551819
44.270000,-0.000446,0.635061,-1.552067
44.287000,-0.000396,0.632339,-1.552316
44.302000,-0.000352,0.629938,-1.552535
44.318000,-0.000305,0.627376,-1.552768
44.335000,-0.000256,0.624654,-1.553016
44.353000,-0.000206,0.621772,-1.553279
44.368000,-0.000164,0.619371,-1.553498
44.386000,-0.000114,0.616489,-1.553761
44.402000,-0.000071,0.613927,-1.553995
44.415000,-0.000036,0.611846,-1.554184
44.430000,0.000003,0.609444,-1.554404
44.447000,0.000048,0.606722,-1.554652
44.462000,0.000086,0.604321,-1.554871
44.479000,0.000129,0.601599,-1.555119
44.492000,0.000162,0.599517,-1.555309
44.508000,0.000201,0.596956,-1.555517
44.525000,0.000242,0.594234,-1.555734
44.540000,0.000278,0.591833,-1.555925
44.553000,0.000309,0.589751,-1.556090
44.569000,0.000346,0.587190,-1.556294
44.586000,0.000385,0.584468,-1.556510
44.602000,0.000422,0.581907,-1.556714
44.620000,0.000462,0.579025,-1.556943
44.636000,0.000497,0.576463,-1.557146
44.653000,0.000534,0.573742,-1.557362
44.667000,0.000564,0.571500,-1.557541
44.684000,0.000600,0.568778,-1.557757
44.700000,0.000633,0.566217,-1.557961
44.715000,0.000663,0.563815,-1.558151
44.730000,0.000694,0.561414,-1.558342
44.747000,0.000727,0.558692,-1.558559
44.764000,0.000760,0.555970,-1.558775
44.779000,0.000789,0.553569,-1.558966
44.794000,0.000817,0.551167,-1.559157
44.809000,0.000845,0.548766,-1.559348
44.826000,0.000875,0.546044,-1.559539
44.840000,0.000901,0.543803,-1.559692
44.856000,0.000929,0.541242,-1.559866
44.873000,0.000958,0.538520,-1.560051
44.888000,0.000984,0.536119,-1.560214
44.901000,0.001006,0.534038,-1.560355
44.919000,0.001036,0.531156,-1.560551
44.934000,0.001060,0.528755,-1.560715
44.950000,0.001085,0.526193,-1.560889
44.964000,0.001108,0.523952,-1.561041
44.982000,0.001135,0.521070,-1.561237
45.000000,0.001163,0.518189,-1.561433
45.014000,0.001183,0.515947,-1.561585
45.028000,0.001204,0.513706,-1.561737
45.045000,0.001228,0.510985,-1.561922
45.062000,0.001252,0.508263,-1.562107
45.079000,0.001276,0.505541,-1.562292
45.092000,0.001293,0.503460,-1.562434
45.109000,0.001316,0.500739,-1.562619
45.126000,0.001338,0.498017,-1.562804
45.141000,0.001357,0.495616,-1.562949
45.153000,0.001372,0.493695,-1.563058
45.170000,0.001392,0.490974,-1.563213
45.188000,0.001414,0.488092,-1.563378
45.203000,0.001432,0.485691,-1.563514
45.215000,0.001446,0.483770,-1.563624
45.231000,0.001464,0.481209,-1.563770
45.248000,0.001483,0.478488,-1.563925
45.262000,0.001498,0.476247,-1.564052
45.280000,0.001517,0.473365,-1.564217
45.297000,0.001535,0.470644,-1.564372
45.312000,0.001550,0.468243,-1.564509
45.325000,0.001563,0.466162,-1.564627
45.342000,0.001580,0.463440,-1.564782
45.359000,0.001596,0.460719,-1.564937
45.375000,0.001610,0.458158,-1.565083
45.387000,0.001621,0.456237,-1.565193
45.404000,0.001636,0.453515,-1.565348
45.419000,0.001649,0.451114,-1.565485
45.433000,0.001661,0.448873,-1.565612
45.444000,0.001670,0.447112,-1.565699
45.461000,0.001684,0.444391,-1.565826
45.477000,0.001696,0.441830,-1.565946
45.494000,0.001709,0.439109,-1.566074
45.508000,0.001720,0.436868,-1.566179
45.526000,0.001733,0.433987,-1.566314
45.542000,0.001744,0.431426,-1.566433
45.558000,0.001755,0.428865,-1.566553
45.575000,0.001767,0.426144,-1.566681
45.592000,0.001778,0.423423,-1.566808
45.606000,0.001787,0.421182,-1.566913
45.620000,0.001795,0.418941,-1.567018
45.638000,0.001806,0.416060,-1.567153
45.652000,0.001814,0.413819,-1.567258
45.666000,0.001822,0.411578,-1.567363
45.678000,0.001828,0.409657,-1.567453
45.696000,0.001838,0.406776,-1.567588
45.712000,0.001846,0.404215,-1.567708
45.726000,0.001852,0.401974,-1.567813
45.737000,0.001858,0.400213,-1.567895
45.755000,0.001866,0.397332,-1.568030
45.772000,0.001873,0.394611,-1.568135
45.787000,0.001880,0.392210,-1.568225
45.801000,0.001885,0.389969,-1.568309
45.817000,0.001891,0.387409,-1.568405
45.835000,0.001898,0.384528,-1.568513
45.852000,0.001904,0.381807,-1.568615
45.865000,0.001909,0.379726,-1.568693
45.882000,0.001914,0.377005,-1.568795
45.898000,0.001919,0.374444,-1.568892
45.914000,0.001924,0.371883,-1.568988
45.931000,0.001929,0.369162,-1.569090
45.946000,0.001933,0.366762,-1.569180
45.962000,0.001937,0.364201,-1.569276
45.973000,0.001939,0.362440,-1.569342
45.991000,0.001944,0.359559,-1.569450
46.008000,0.001947,0.356838,-1.569553
46.025000,0.001950,0.354117,-1.569655
46.039000,0.001953,0.351877,-1.569739
46.055000,0.001955,0.349316,-1.569835
46.073000,0.001958,0.346435,-1.569943
46.087000,0.001960,0.344194,-1.570027
46.101000,0.001961,0.341953,-1.570111
46.118000,0.001963,0.339232,-1.570213
46.134000,0.001965,0.336672,-1.570310
46.147000,0.001965,0.334591,-1.570388
46.164000,0.001966,0.331870,-1.570490
46.180000,0.001967,0.329309,-1.570586
46.196000,0.001968,0.326748,-1.570682
46.208000,0.001968,0.324828,-1.570754
46.224000,0.001968,0.322267,-1.570850
46.241000,0.001967,0.319546,-1.570953
46.258000,0.001967,0.316825,-1.571055
46.274000,0.001966,0.314264,-1.571151
46.290000,0.001965,0.311703,-1.571247
46.307000,0.001964,0.308982,-1.571349
46.325000,0.001962,0.306101,-1.571457
46.341000,0.001960,0.303540,-1.571553
46.358000,0.001958,0.300819,-1.571656
46.375000,0.001955,0.298099,-1.571758
46.390000,0.001953,0.295698,-1.571848
46.407000,0.001950,0.292977,-1.571950
46.424000,0.001947,0.290256,-1.572052
46.440000,0.001943,0.287695,-1.572148
46.454000,0.001940,0.285454,-1.572233
46.470000,0.001937,0.282893,-1.572329
46.487000,0.001932,0.280173,-1.572431
46.502000,0.001928,0.277772,-1.572521
46.520000,0.001923,0.274891,-1.572629
46.536000,0.001918,0.272330,-1.572725
46.549000,0.001914,0.270249,-1.572803
46.561000,0.001910,0.268329,-1.572876
46.577000,0.001905,0.265768,-1.572972
46.594000,0.001899,0.263047,-1.573074
46.607000,0.001894,0.260966,-1.573152
46.621000,0.001889,0.258725,-1.573236
46.637000,0.001882,0.256165,-1.573332
46.653000,0.001876,0.253604,-1.573429
46.668000,0.001869,0.251203,-1.573519
46.685000,0.001862,0.248482,-1.573621
46.702000,0.001854,0.245761,-1.573723
46.718000,0.001846,0.243200,-1.573819
46.730000,0.001840,0.241280,-1.573891
46.747000,0.001832,0.238559,-1.573994
46.762000,0.001824,0.236158,-1.574084
46.777000,0.001816,0.233757,-1.574174
46.793000,0.001807,0.231196,-1.574270
46.806000,0.001800,0.229116,-1.574348
46.820000,0.001792,0.226875,-1.574432
46.838000,0.001781,0.223994,-1.574541
46.854000,0.001772,0.221433,-1.574637
46.869000,0.001762,0.219032,-1.574727
46.884000,0.001753,0.216631,-1.574817
46.901000,0.001742,0.213911,-1.574919
46.917000,0.001731,0.211350,-1.575015
46.930000,0.001722,0.209269,-1.575094
46.946000,0.001711,0.206708,-1.575190
46.962000,0.001700,0.204147,-1.575286
46.976000,0.001689,0.201907,-1.575370
46.993000,0.001677,0.199186,-1.575472
47.006000,0.001667,0.197105,-1.575551
47.020000,0.001656,0.194864,-1.575635
47.038000,0.001642,0.191983,-1.575743
47.054000,0.001629,0.189423,-1.575839
47.068000,0.001618,0.187182,-1.575923
47.085000,0.001604,0.184461,-1.576026
47.099000,0.001592,0.182220,-1.576110
47.112000,0.001581,0.180140,-1.576188
47.130000,0.001565,0.177259,-1.576296
47.146000,0.001551,0.174698,-1.576392
47.162000,0.001537,0.172137,-1.576489
47.178000,0.001522,0.169576,-1.576585
47.195000,0.001506,0.166855,-1.576687
47.209000,0.001493,0.164615,-1.576771
47.225000,0.001477,0.162054,-1.576867
47.241000,0.001462,0.159493,-1.576964
47.258000,0.001445,0.156772,-1.577066
47.271000,0.001432,0.154691,-1.577144
47.289000,0.001413,0.151810,-1.577252
47.306000,0.001396,0.149090,-1.577355
47.323000,0.001378,0.146369,-1.577457
47.335000,0.001365,0.144448,-1.577529
47.352000,0.001346,0.141727,-1.577631
47.368000,0.001329,0.139166,-1.577727
47.382000,0.001313,0.136926,-1.577812
47.398000,0.001295,0.134365,-1.577908
47.415000,0.001276,0.131644,-1.578010
47.431000,0.001257,0.129083,-1.578106
47.445000,0.001240,0.126843,-1.578191
47.460000,0.001223,0.124442,-1.578281
